id,row,col,time, time_delta(s) 
66,99,51,2022-01-30 16:22:23,4943
66,96,50,2022-01-30 16:22:24,4944
66,93,50,2022-01-30 16:22:25,4945
66,90,47,2022-01-30 16:22:26,4946
66,87,44,2022-01-30 16:22:27,4947
66,84,41,2022-01-30 16:22:28,4948
66,81,38,2022-01-30 16:22:29,4949
66,78,35,2022-01-30 16:22:30,4950
66,75,32,2022-01-30 16:22:31,4951
66,72,29,2022-01-30 16:22:32,4952
66,69,26,2022-01-30 16:22:33,4953
66,66,23,2022-01-30 16:22:34,4954
66,65,20,2022-01-30 16:22:35,4955
66,62,17,2022-01-30 16:22:36,4956
66,59,14,2022-01-30 16:22:37,4957
66,58,11,2022-01-30 16:22:38,4958
66,58,8,2022-01-30 16:22:39,4959
66,58,8,2022-01-30 16:22:40,4960
66,58,8,2022-01-30 16:22:41,4961
66,58,8,2022-01-30 16:22:42,4962
66,58,8,2022-01-30 16:22:43,4963
66,58,8,2022-01-30 16:22:44,4964
66,58,8,2022-01-30 16:22:45,4965
66,58,8,2022-01-30 16:22:46,4966
66,58,8,2022-01-30 16:22:47,4967
66,58,8,2022-01-30 16:22:48,4968
66,58,8,2022-01-30 16:22:49,4969
66,58,8,2022-01-30 16:22:50,4970
66,58,8,2022-01-30 16:22:51,4971
66,58,8,2022-01-30 16:22:52,4972
66,58,8,2022-01-30 16:22:53,4973
66,58,8,2022-01-30 16:22:54,4974
66,58,8,2022-01-30 16:22:55,4975
66,58,8,2022-01-30 16:22:56,4976
66,58,8,2022-01-30 16:22:57,4977
66,58,8,2022-01-30 16:22:58,4978
66,58,8,2022-01-30 16:22:59,4979
66,58,8,2022-01-30 16:23:00,4980
66,58,8,2022-01-30 16:23:01,4981
66,58,8,2022-01-30 16:23:02,4982
66,58,8,2022-01-30 16:23:03,4983
66,58,8,2022-01-30 16:23:04,4984
66,58,8,2022-01-30 16:23:05,4985
66,58,8,2022-01-30 16:23:06,4986
66,58,8,2022-01-30 16:23:07,4987
66,58,8,2022-01-30 16:23:08,4988
66,58,8,2022-01-30 16:23:09,4989
66,58,8,2022-01-30 16:23:10,4990
66,58,8,2022-01-30 16:23:11,4991
66,58,8,2022-01-30 16:23:12,4992
66,58,8,2022-01-30 16:23:13,4993
66,58,8,2022-01-30 16:23:14,4994
66,58,8,2022-01-30 16:23:15,4995
66,58,8,2022-01-30 16:23:16,4996
66,58,8,2022-01-30 16:23:17,4997
66,58,8,2022-01-30 16:23:18,4998
66,58,8,2022-01-30 16:23:19,4999
66,58,8,2022-01-30 16:23:20,5000
66,58,8,2022-01-30 16:23:21,5001
66,58,8,2022-01-30 16:23:22,5002
66,58,8,2022-01-30 16:23:23,5003
66,58,8,2022-01-30 16:23:24,5004
66,58,8,2022-01-30 16:23:25,5005
66,58,8,2022-01-30 16:23:26,5006
66,58,8,2022-01-30 16:23:27,5007
66,58,8,2022-01-30 16:23:28,5008
66,58,8,2022-01-30 16:23:29,5009
66,58,8,2022-01-30 16:23:30,5010
66,58,8,2022-01-30 16:23:31,5011
66,58,8,2022-01-30 16:23:32,5012
66,58,8,2022-01-30 16:23:33,5013
66,58,8,2022-01-30 16:23:34,5014
66,58,8,2022-01-30 16:23:35,5015
66,58,8,2022-01-30 16:23:36,5016
66,58,8,2022-01-30 16:23:37,5017
66,58,8,2022-01-30 16:23:38,5018
66,58,8,2022-01-30 16:23:39,5019
66,58,8,2022-01-30 16:23:40,5020
66,58,8,2022-01-30 16:23:41,5021
66,58,8,2022-01-30 16:23:42,5022
66,58,8,2022-01-30 16:23:43,5023
66,58,8,2022-01-30 16:23:44,5024
66,58,8,2022-01-30 16:23:45,5025
66,58,8,2022-01-30 16:23:46,5026
66,58,8,2022-01-30 16:23:47,5027
66,58,8,2022-01-30 16:23:48,5028
66,58,8,2022-01-30 16:23:49,5029
66,58,8,2022-01-30 16:23:50,5030
66,58,8,2022-01-30 16:23:51,5031
66,58,8,2022-01-30 16:23:52,5032
66,58,8,2022-01-30 16:23:53,5033
66,58,8,2022-01-30 16:23:54,5034
66,58,8,2022-01-30 16:23:55,5035
66,58,8,2022-01-30 16:23:56,5036
66,58,8,2022-01-30 16:23:57,5037
66,58,8,2022-01-30 16:23:58,5038
66,58,8,2022-01-30 16:23:59,5039
66,58,8,2022-01-30 16:24:00,5040
66,58,8,2022-01-30 16:24:01,5041
66,58,8,2022-01-30 16:24:02,5042
66,58,8,2022-01-30 16:24:03,5043
66,58,8,2022-01-30 16:24:04,5044
66,58,8,2022-01-30 16:24:05,5045
66,58,8,2022-01-30 16:24:06,5046
66,58,8,2022-01-30 16:24:07,5047
66,58,8,2022-01-30 16:24:08,5048
66,58,8,2022-01-30 16:24:09,5049
66,58,8,2022-01-30 16:24:10,5050
66,58,8,2022-01-30 16:24:11,5051
66,58,8,2022-01-30 16:24:12,5052
66,58,8,2022-01-30 16:24:13,5053
66,58,8,2022-01-30 16:24:14,5054
66,58,8,2022-01-30 16:24:15,5055
66,58,8,2022-01-30 16:24:16,5056
66,58,8,2022-01-30 16:24:17,5057
66,58,8,2022-01-30 16:24:18,5058
66,58,8,2022-01-30 16:24:19,5059
66,58,8,2022-01-30 16:24:20,5060
66,58,8,2022-01-30 16:24:21,5061
66,58,8,2022-01-30 16:24:22,5062
66,58,8,2022-01-30 16:24:23,5063
66,58,8,2022-01-30 16:24:24,5064
66,58,8,2022-01-30 16:24:25,5065
66,58,8,2022-01-30 16:24:26,5066
66,58,8,2022-01-30 16:24:27,5067
66,58,8,2022-01-30 16:24:28,5068
66,58,8,2022-01-30 16:24:29,5069
66,58,8,2022-01-30 16:24:30,5070
66,58,8,2022-01-30 16:24:31,5071
66,58,8,2022-01-30 16:24:32,5072
66,58,8,2022-01-30 16:24:33,5073
66,58,8,2022-01-30 16:24:34,5074
66,58,8,2022-01-30 16:24:35,5075
66,58,8,2022-01-30 16:24:36,5076
66,58,8,2022-01-30 16:24:37,5077
66,58,8,2022-01-30 16:24:38,5078
66,58,8,2022-01-30 16:24:39,5079
66,58,8,2022-01-30 16:24:40,5080
66,58,8,2022-01-30 16:24:41,5081
66,58,8,2022-01-30 16:24:42,5082
66,58,8,2022-01-30 16:24:43,5083
66,58,8,2022-01-30 16:24:44,5084
66,58,8,2022-01-30 16:24:45,5085
66,58,8,2022-01-30 16:24:46,5086
66,58,8,2022-01-30 16:24:47,5087
66,58,8,2022-01-30 16:24:48,5088
66,58,8,2022-01-30 16:24:49,5089
66,58,8,2022-01-30 16:24:50,5090
66,58,8,2022-01-30 16:24:51,5091
66,58,8,2022-01-30 16:24:52,5092
66,58,8,2022-01-30 16:24:53,5093
66,58,8,2022-01-30 16:24:54,5094
66,58,8,2022-01-30 16:24:55,5095
66,58,8,2022-01-30 16:24:56,5096
66,58,8,2022-01-30 16:24:57,5097
66,58,8,2022-01-30 16:24:58,5098
66,58,8,2022-01-30 16:24:59,5099
66,58,8,2022-01-30 16:25:00,5100
66,58,8,2022-01-30 16:25:01,5101
66,58,8,2022-01-30 16:25:02,5102
66,58,8,2022-01-30 16:25:03,5103
66,58,8,2022-01-30 16:25:04,5104
66,58,8,2022-01-30 16:25:05,5105
66,58,8,2022-01-30 16:25:06,5106
66,58,8,2022-01-30 16:25:07,5107
66,58,8,2022-01-30 16:25:08,5108
66,58,8,2022-01-30 16:25:09,5109
66,58,8,2022-01-30 16:25:10,5110
66,58,8,2022-01-30 16:25:11,5111
66,58,8,2022-01-30 16:25:12,5112
66,58,8,2022-01-30 16:25:13,5113
66,58,8,2022-01-30 16:25:14,5114
66,58,8,2022-01-30 16:25:15,5115
66,58,8,2022-01-30 16:25:16,5116
66,58,8,2022-01-30 16:25:17,5117
66,58,8,2022-01-30 16:25:18,5118
66,58,8,2022-01-30 16:25:19,5119
66,58,8,2022-01-30 16:25:20,5120
66,58,8,2022-01-30 16:25:21,5121
66,58,8,2022-01-30 16:25:22,5122
66,58,8,2022-01-30 16:25:23,5123
66,58,8,2022-01-30 16:25:24,5124
66,58,8,2022-01-30 16:25:25,5125
66,58,8,2022-01-30 16:25:26,5126
66,58,8,2022-01-30 16:25:27,5127
66,58,8,2022-01-30 16:25:28,5128
66,58,8,2022-01-30 16:25:29,5129
66,58,8,2022-01-30 16:25:30,5130
66,58,8,2022-01-30 16:25:31,5131
66,58,8,2022-01-30 16:25:32,5132
66,58,8,2022-01-30 16:25:33,5133
66,58,8,2022-01-30 16:25:34,5134
66,58,8,2022-01-30 16:25:35,5135
66,58,8,2022-01-30 16:25:36,5136
66,58,8,2022-01-30 16:25:37,5137
66,58,8,2022-01-30 16:25:38,5138
66,58,8,2022-01-30 16:25:39,5139
66,58,8,2022-01-30 16:25:40,5140
66,58,8,2022-01-30 16:25:41,5141
66,58,8,2022-01-30 16:25:42,5142
66,58,8,2022-01-30 16:25:43,5143
66,58,8,2022-01-30 16:25:44,5144
66,58,8,2022-01-30 16:25:45,5145
66,58,8,2022-01-30 16:25:46,5146
66,58,8,2022-01-30 16:25:47,5147
66,58,8,2022-01-30 16:25:48,5148
66,58,8,2022-01-30 16:25:49,5149
66,58,8,2022-01-30 16:25:50,5150
66,58,8,2022-01-30 16:25:51,5151
66,58,8,2022-01-30 16:25:52,5152
66,58,8,2022-01-30 16:25:53,5153
66,58,8,2022-01-30 16:25:54,5154
66,58,8,2022-01-30 16:25:55,5155
66,58,8,2022-01-30 16:25:56,5156
66,58,8,2022-01-30 16:25:57,5157
66,58,8,2022-01-30 16:25:58,5158
66,58,8,2022-01-30 16:25:59,5159
66,58,8,2022-01-30 16:26:00,5160
66,58,8,2022-01-30 16:26:01,5161
66,58,8,2022-01-30 16:26:02,5162
66,58,8,2022-01-30 16:26:03,5163
66,58,8,2022-01-30 16:26:04,5164
66,58,8,2022-01-30 16:26:05,5165
66,58,8,2022-01-30 16:26:06,5166
66,58,8,2022-01-30 16:26:07,5167
66,58,8,2022-01-30 16:26:08,5168
66,58,8,2022-01-30 16:26:09,5169
66,58,8,2022-01-30 16:26:10,5170
66,58,8,2022-01-30 16:26:11,5171
66,58,8,2022-01-30 16:26:12,5172
66,58,8,2022-01-30 16:26:13,5173
66,58,8,2022-01-30 16:26:14,5174
66,58,8,2022-01-30 16:26:15,5175
66,58,8,2022-01-30 16:26:16,5176
66,58,8,2022-01-30 16:26:17,5177
66,58,8,2022-01-30 16:26:18,5178
66,58,8,2022-01-30 16:26:19,5179
66,58,8,2022-01-30 16:26:20,5180
66,58,8,2022-01-30 16:26:21,5181
66,58,8,2022-01-30 16:26:22,5182
66,58,8,2022-01-30 16:26:23,5183
66,58,8,2022-01-30 16:26:24,5184
66,58,8,2022-01-30 16:26:25,5185
66,58,8,2022-01-30 16:26:26,5186
66,58,8,2022-01-30 16:26:27,5187
66,58,8,2022-01-30 16:26:28,5188
66,58,8,2022-01-30 16:26:29,5189
66,58,8,2022-01-30 16:26:30,5190
66,58,8,2022-01-30 16:26:31,5191
66,58,8,2022-01-30 16:26:32,5192
66,58,8,2022-01-30 16:26:33,5193
66,58,8,2022-01-30 16:26:34,5194
66,58,8,2022-01-30 16:26:35,5195
66,58,8,2022-01-30 16:26:36,5196
66,58,8,2022-01-30 16:26:37,5197
66,58,8,2022-01-30 16:26:38,5198
66,58,8,2022-01-30 16:26:39,5199
66,99,51,2022-01-30 16:26:40,5200
66,96,50,2022-01-30 16:26:41,5201
66,93,50,2022-01-30 16:26:42,5202
66,90,47,2022-01-30 16:26:43,5203
66,87,44,2022-01-30 16:26:44,5204
66,84,41,2022-01-30 16:26:45,5205
66,81,38,2022-01-30 16:26:46,5206
66,78,35,2022-01-30 16:26:47,5207
66,75,32,2022-01-30 16:26:48,5208
66,72,29,2022-01-30 16:26:49,5209
66,69,26,2022-01-30 16:26:50,5210
66,66,23,2022-01-30 16:26:51,5211
66,65,20,2022-01-30 16:26:52,5212
66,62,17,2022-01-30 16:26:53,5213
66,59,14,2022-01-30 16:26:54,5214
66,58,11,2022-01-30 16:26:55,5215
66,58,8,2022-01-30 16:26:56,5216
66,58,8,2022-01-30 16:26:57,5217
66,58,8,2022-01-30 16:26:58,5218
66,58,8,2022-01-30 16:26:59,5219
66,58,8,2022-01-30 16:27:00,5220
66,58,8,2022-01-30 16:27:01,5221
66,58,8,2022-01-30 16:27:02,5222
66,58,8,2022-01-30 16:27:03,5223
66,58,8,2022-01-30 16:27:04,5224
66,58,8,2022-01-30 16:27:05,5225
66,58,8,2022-01-30 16:27:06,5226
66,58,8,2022-01-30 16:27:07,5227
66,58,8,2022-01-30 16:27:08,5228
66,58,8,2022-01-30 16:27:09,5229
66,58,8,2022-01-30 16:27:10,5230
66,58,8,2022-01-30 16:27:11,5231
66,58,8,2022-01-30 16:27:12,5232
66,58,8,2022-01-30 16:27:13,5233
66,58,8,2022-01-30 16:27:14,5234
66,58,8,2022-01-30 16:27:15,5235
66,58,8,2022-01-30 16:27:16,5236
66,58,8,2022-01-30 16:27:17,5237
66,58,8,2022-01-30 16:27:18,5238
66,58,8,2022-01-30 16:27:19,5239
66,58,8,2022-01-30 16:27:20,5240
66,58,8,2022-01-30 16:27:21,5241
66,58,8,2022-01-30 16:27:22,5242
66,58,8,2022-01-30 16:27:23,5243
66,58,8,2022-01-30 16:27:24,5244
66,58,8,2022-01-30 16:27:25,5245
66,58,8,2022-01-30 16:27:26,5246
66,58,8,2022-01-30 16:27:27,5247
66,58,8,2022-01-30 16:27:28,5248
66,58,8,2022-01-30 16:27:29,5249
66,58,8,2022-01-30 16:27:30,5250
66,58,8,2022-01-30 16:27:31,5251
66,58,8,2022-01-30 16:27:32,5252
66,58,8,2022-01-30 16:27:33,5253
66,58,8,2022-01-30 16:27:34,5254
66,58,8,2022-01-30 16:27:35,5255
66,58,8,2022-01-30 16:27:36,5256
66,58,8,2022-01-30 16:27:37,5257
66,58,8,2022-01-30 16:27:38,5258
66,58,8,2022-01-30 16:27:39,5259
66,58,8,2022-01-30 16:27:40,5260
66,58,8,2022-01-30 16:27:41,5261
66,58,8,2022-01-30 16:27:42,5262
66,58,8,2022-01-30 16:27:43,5263
66,58,8,2022-01-30 16:27:44,5264
66,58,8,2022-01-30 16:27:45,5265
66,58,8,2022-01-30 16:27:46,5266
66,58,8,2022-01-30 16:27:47,5267
66,58,8,2022-01-30 16:27:48,5268
66,58,8,2022-01-30 16:27:49,5269
66,58,8,2022-01-30 16:27:50,5270
66,58,8,2022-01-30 16:27:51,5271
66,58,8,2022-01-30 16:27:52,5272
66,58,8,2022-01-30 16:27:53,5273
66,58,8,2022-01-30 16:27:54,5274
66,58,8,2022-01-30 16:27:55,5275
66,58,8,2022-01-30 16:27:56,5276
66,58,8,2022-01-30 16:27:57,5277
66,58,8,2022-01-30 16:27:58,5278
66,58,8,2022-01-30 16:27:59,5279
66,58,8,2022-01-30 16:28:00,5280
66,58,8,2022-01-30 16:28:01,5281
66,58,8,2022-01-30 16:28:02,5282
66,58,8,2022-01-30 16:28:03,5283
66,58,8,2022-01-30 16:28:04,5284
66,58,8,2022-01-30 16:28:05,5285
66,58,8,2022-01-30 16:28:06,5286
66,58,8,2022-01-30 16:28:07,5287
66,58,8,2022-01-30 16:28:08,5288
66,58,8,2022-01-30 16:28:09,5289
66,58,8,2022-01-30 16:28:10,5290
66,58,8,2022-01-30 16:28:11,5291
66,58,8,2022-01-30 16:28:12,5292
66,58,8,2022-01-30 16:28:13,5293
66,58,8,2022-01-30 16:28:14,5294
66,58,8,2022-01-30 16:28:15,5295
66,58,8,2022-01-30 16:28:16,5296
66,58,8,2022-01-30 16:28:17,5297
66,58,8,2022-01-30 16:28:18,5298
66,58,8,2022-01-30 16:28:19,5299
66,58,8,2022-01-30 16:28:20,5300
66,58,8,2022-01-30 16:28:21,5301
66,58,8,2022-01-30 16:28:22,5302
66,58,8,2022-01-30 16:28:23,5303
66,58,8,2022-01-30 16:28:24,5304
66,58,8,2022-01-30 16:28:25,5305
66,58,8,2022-01-30 16:28:26,5306
66,58,8,2022-01-30 16:28:27,5307
66,58,8,2022-01-30 16:28:28,5308
66,58,8,2022-01-30 16:28:29,5309
66,58,8,2022-01-30 16:28:30,5310
66,58,8,2022-01-30 16:28:31,5311
66,58,8,2022-01-30 16:28:32,5312
66,58,8,2022-01-30 16:28:33,5313
66,58,8,2022-01-30 16:28:34,5314
66,58,8,2022-01-30 16:28:35,5315
66,58,8,2022-01-30 16:28:36,5316
66,58,8,2022-01-30 16:28:37,5317
66,58,8,2022-01-30 16:28:38,5318
66,58,8,2022-01-30 16:28:39,5319
66,58,8,2022-01-30 16:28:40,5320
66,58,8,2022-01-30 16:28:41,5321
66,58,8,2022-01-30 16:28:42,5322
66,58,8,2022-01-30 16:28:43,5323
66,58,8,2022-01-30 16:28:44,5324
66,58,8,2022-01-30 16:28:45,5325
66,58,8,2022-01-30 16:28:46,5326
66,58,8,2022-01-30 16:28:47,5327
66,58,8,2022-01-30 16:28:48,5328
66,58,8,2022-01-30 16:28:49,5329
66,58,8,2022-01-30 16:28:50,5330
66,58,8,2022-01-30 16:28:51,5331
66,58,8,2022-01-30 16:28:52,5332
66,58,8,2022-01-30 16:28:53,5333
66,58,8,2022-01-30 16:28:54,5334
66,58,8,2022-01-30 16:28:55,5335
66,58,8,2022-01-30 16:28:56,5336
66,58,8,2022-01-30 16:28:57,5337
66,58,8,2022-01-30 16:28:58,5338
66,58,8,2022-01-30 16:28:59,5339
66,58,8,2022-01-30 16:29:00,5340
66,58,8,2022-01-30 16:29:01,5341
66,58,8,2022-01-30 16:29:02,5342
66,58,8,2022-01-30 16:29:03,5343
66,58,8,2022-01-30 16:29:04,5344
66,58,8,2022-01-30 16:29:05,5345
66,58,8,2022-01-30 16:29:06,5346
66,58,8,2022-01-30 16:29:07,5347
66,58,8,2022-01-30 16:29:08,5348
66,58,8,2022-01-30 16:29:09,5349
66,58,8,2022-01-30 16:29:10,5350
66,58,8,2022-01-30 16:29:11,5351
66,58,8,2022-01-30 16:29:12,5352
66,58,8,2022-01-30 16:29:13,5353
66,58,8,2022-01-30 16:29:14,5354
66,58,8,2022-01-30 16:29:15,5355
66,58,8,2022-01-30 16:29:16,5356
66,58,8,2022-01-30 16:29:17,5357
66,58,8,2022-01-30 16:29:18,5358
66,58,8,2022-01-30 16:29:19,5359
66,58,8,2022-01-30 16:29:20,5360
66,58,8,2022-01-30 16:29:21,5361
66,58,8,2022-01-30 16:29:22,5362
66,58,8,2022-01-30 16:29:23,5363
66,58,8,2022-01-30 16:29:24,5364
66,58,8,2022-01-30 16:29:25,5365
66,58,8,2022-01-30 16:29:26,5366
66,58,8,2022-01-30 16:29:27,5367
66,58,8,2022-01-30 16:29:28,5368
66,58,8,2022-01-30 16:29:29,5369
66,58,8,2022-01-30 16:29:30,5370
66,58,8,2022-01-30 16:29:31,5371
66,58,8,2022-01-30 16:29:32,5372
66,58,8,2022-01-30 16:29:33,5373
66,58,8,2022-01-30 16:29:34,5374
66,58,8,2022-01-30 16:29:35,5375
66,58,8,2022-01-30 16:29:36,5376
66,58,8,2022-01-30 16:29:37,5377
66,58,8,2022-01-30 16:29:38,5378
66,58,8,2022-01-30 16:29:39,5379
66,58,8,2022-01-30 16:29:40,5380
66,58,8,2022-01-30 16:29:41,5381
66,58,8,2022-01-30 16:29:42,5382
66,58,8,2022-01-30 16:29:43,5383
66,58,8,2022-01-30 16:29:44,5384
66,58,8,2022-01-30 16:29:45,5385
66,58,8,2022-01-30 16:29:46,5386
66,58,8,2022-01-30 16:29:47,5387
66,58,8,2022-01-30 16:29:48,5388
66,58,8,2022-01-30 16:29:49,5389
66,58,8,2022-01-30 16:29:50,5390
66,58,8,2022-01-30 16:29:51,5391
66,58,8,2022-01-30 16:29:52,5392
66,58,8,2022-01-30 16:29:53,5393
66,58,8,2022-01-30 16:29:54,5394
66,58,8,2022-01-30 16:29:55,5395
66,58,8,2022-01-30 16:29:56,5396
66,58,8,2022-01-30 16:29:57,5397
66,58,8,2022-01-30 16:29:58,5398
66,58,8,2022-01-30 16:29:59,5399
66,58,8,2022-01-30 16:30:00,5400
66,58,8,2022-01-30 16:30:01,5401
66,58,8,2022-01-30 16:30:02,5402
66,58,8,2022-01-30 16:30:03,5403
66,58,8,2022-01-30 16:30:04,5404
66,58,8,2022-01-30 16:30:05,5405
66,58,8,2022-01-30 16:30:06,5406
66,58,8,2022-01-30 16:30:07,5407
66,58,8,2022-01-30 16:30:08,5408
66,58,8,2022-01-30 16:30:09,5409
66,58,8,2022-01-30 16:30:10,5410
66,58,8,2022-01-30 16:30:11,5411
66,58,8,2022-01-30 16:30:12,5412
66,58,8,2022-01-30 16:30:13,5413
66,58,8,2022-01-30 16:30:14,5414
66,58,8,2022-01-30 16:30:15,5415
66,58,8,2022-01-30 16:30:16,5416
66,58,8,2022-01-30 16:30:17,5417
66,58,8,2022-01-30 16:30:18,5418
66,58,8,2022-01-30 16:30:19,5419
66,58,8,2022-01-30 16:30:20,5420
66,58,8,2022-01-30 16:30:21,5421
66,58,8,2022-01-30 16:30:22,5422
66,58,8,2022-01-30 16:30:23,5423
66,58,8,2022-01-30 16:30:24,5424
66,58,8,2022-01-30 16:30:25,5425
66,58,8,2022-01-30 16:30:26,5426
66,58,8,2022-01-30 16:30:27,5427
66,58,8,2022-01-30 16:30:28,5428
66,58,8,2022-01-30 16:30:29,5429
66,58,8,2022-01-30 16:30:30,5430
66,58,8,2022-01-30 16:30:31,5431
66,58,8,2022-01-30 16:30:32,5432
66,58,8,2022-01-30 16:30:33,5433
66,58,8,2022-01-30 16:30:34,5434
66,58,8,2022-01-30 16:30:35,5435
66,58,8,2022-01-30 16:30:36,5436
66,58,8,2022-01-30 16:30:37,5437
66,58,8,2022-01-30 16:30:38,5438
66,58,8,2022-01-30 16:30:39,5439
66,58,8,2022-01-30 16:30:40,5440
66,58,8,2022-01-30 16:30:41,5441
66,58,8,2022-01-30 16:30:42,5442
66,58,8,2022-01-30 16:30:43,5443
66,58,8,2022-01-30 16:30:44,5444
66,58,8,2022-01-30 16:30:45,5445
66,58,8,2022-01-30 16:30:46,5446
66,58,8,2022-01-30 16:30:47,5447
66,58,8,2022-01-30 16:30:48,5448
66,58,8,2022-01-30 16:30:49,5449
66,58,8,2022-01-30 16:30:50,5450
66,58,8,2022-01-30 16:30:51,5451
66,58,8,2022-01-30 16:30:52,5452
66,58,8,2022-01-30 16:30:53,5453
66,58,8,2022-01-30 16:30:54,5454
66,58,8,2022-01-30 16:30:55,5455
66,58,8,2022-01-30 16:30:56,5456
66,58,7,2022-01-30 16:30:57,5457
66,61,7,2022-01-30 16:30:58,5458
66,64,7,2022-01-30 16:30:59,5459
66,67,7,2022-01-30 16:31:00,5460
66,70,7,2022-01-30 16:31:01,5461
66,73,7,2022-01-30 16:31:02,5462
66,76,7,2022-01-30 16:31:03,5463
66,79,7,2022-01-30 16:31:04,5464
66,82,7,2022-01-30 16:31:05,5465
66,85,7,2022-01-30 16:31:06,5466
66,85,7,2022-01-30 16:31:07,5467
66,85,7,2022-01-30 16:31:08,5468
66,85,7,2022-01-30 16:31:09,5469
66,85,7,2022-01-30 16:31:10,5470
66,85,7,2022-01-30 16:31:11,5471
66,85,7,2022-01-30 16:31:12,5472
66,85,7,2022-01-30 16:31:13,5473
66,85,7,2022-01-30 16:31:14,5474
66,85,7,2022-01-30 16:31:15,5475
66,85,7,2022-01-30 16:31:16,5476
66,85,7,2022-01-30 16:31:17,5477
66,85,7,2022-01-30 16:31:18,5478
66,85,7,2022-01-30 16:31:19,5479
66,85,7,2022-01-30 16:31:20,5480
66,85,7,2022-01-30 16:31:21,5481
66,85,7,2022-01-30 16:31:22,5482
66,85,7,2022-01-30 16:31:23,5483
66,85,7,2022-01-30 16:31:24,5484
66,85,7,2022-01-30 16:31:25,5485
66,85,7,2022-01-30 16:31:26,5486
66,85,7,2022-01-30 16:31:27,5487
66,85,7,2022-01-30 16:31:28,5488
66,85,7,2022-01-30 16:31:29,5489
66,85,7,2022-01-30 16:31:30,5490
66,85,7,2022-01-30 16:31:31,5491
66,85,7,2022-01-30 16:31:32,5492
66,85,7,2022-01-30 16:31:33,5493
66,85,7,2022-01-30 16:31:34,5494
66,85,7,2022-01-30 16:31:35,5495
66,85,7,2022-01-30 16:31:36,5496
66,85,7,2022-01-30 16:31:37,5497
66,85,7,2022-01-30 16:31:38,5498
66,85,7,2022-01-30 16:31:39,5499
66,85,7,2022-01-30 16:31:40,5500
66,85,7,2022-01-30 16:31:41,5501
66,85,7,2022-01-30 16:31:42,5502
66,85,7,2022-01-30 16:31:43,5503
66,85,7,2022-01-30 16:31:44,5504
66,85,7,2022-01-30 16:31:45,5505
66,85,7,2022-01-30 16:31:46,5506
66,85,7,2022-01-30 16:31:47,5507
66,85,7,2022-01-30 16:31:48,5508
66,85,7,2022-01-30 16:31:49,5509
66,85,7,2022-01-30 16:31:50,5510
66,85,7,2022-01-30 16:31:51,5511
66,85,7,2022-01-30 16:31:52,5512
66,85,7,2022-01-30 16:31:53,5513
66,85,7,2022-01-30 16:31:54,5514
66,85,7,2022-01-30 16:31:55,5515
66,85,7,2022-01-30 16:31:56,5516
66,85,7,2022-01-30 16:31:57,5517
66,85,7,2022-01-30 16:31:58,5518
66,85,7,2022-01-30 16:31:59,5519
66,85,7,2022-01-30 16:32:00,5520
66,85,7,2022-01-30 16:32:01,5521
66,85,7,2022-01-30 16:32:02,5522
66,85,7,2022-01-30 16:32:03,5523
66,85,7,2022-01-30 16:32:04,5524
66,85,7,2022-01-30 16:32:05,5525
66,85,7,2022-01-30 16:32:06,5526
66,85,7,2022-01-30 16:32:07,5527
66,85,7,2022-01-30 16:32:08,5528
66,85,7,2022-01-30 16:32:09,5529
66,85,7,2022-01-30 16:32:10,5530
66,85,7,2022-01-30 16:32:11,5531
66,85,7,2022-01-30 16:32:12,5532
66,85,7,2022-01-30 16:32:13,5533
66,85,7,2022-01-30 16:32:14,5534
66,85,7,2022-01-30 16:32:15,5535
66,85,7,2022-01-30 16:32:16,5536
66,85,7,2022-01-30 16:32:17,5537
66,85,7,2022-01-30 16:32:18,5538
66,85,7,2022-01-30 16:32:19,5539
66,85,7,2022-01-30 16:32:20,5540
66,85,7,2022-01-30 16:32:21,5541
66,85,7,2022-01-30 16:32:22,5542
66,85,7,2022-01-30 16:32:23,5543
66,85,7,2022-01-30 16:32:24,5544
66,85,7,2022-01-30 16:32:25,5545
66,85,7,2022-01-30 16:32:26,5546
66,85,7,2022-01-30 16:32:27,5547
66,85,7,2022-01-30 16:32:28,5548
66,85,7,2022-01-30 16:32:29,5549
66,85,7,2022-01-30 16:32:30,5550
66,85,7,2022-01-30 16:32:31,5551
66,85,7,2022-01-30 16:32:32,5552
66,85,7,2022-01-30 16:32:33,5553
66,85,7,2022-01-30 16:32:34,5554
66,85,7,2022-01-30 16:32:35,5555
66,85,7,2022-01-30 16:32:36,5556
66,85,7,2022-01-30 16:32:37,5557
66,85,7,2022-01-30 16:32:38,5558
66,85,7,2022-01-30 16:32:39,5559
66,85,7,2022-01-30 16:32:40,5560
66,85,7,2022-01-30 16:32:41,5561
66,85,7,2022-01-30 16:32:42,5562
66,85,7,2022-01-30 16:32:43,5563
66,85,7,2022-01-30 16:32:44,5564
66,85,7,2022-01-30 16:32:45,5565
66,85,7,2022-01-30 16:32:46,5566
66,85,7,2022-01-30 16:32:47,5567
66,85,7,2022-01-30 16:32:48,5568
66,85,7,2022-01-30 16:32:49,5569
66,85,7,2022-01-30 16:32:50,5570
66,85,7,2022-01-30 16:32:51,5571
66,85,7,2022-01-30 16:32:52,5572
66,85,7,2022-01-30 16:32:53,5573
66,85,7,2022-01-30 16:32:54,5574
66,85,7,2022-01-30 16:32:55,5575
66,85,7,2022-01-30 16:32:56,5576
66,85,7,2022-01-30 16:32:57,5577
66,85,7,2022-01-30 16:32:58,5578
66,85,7,2022-01-30 16:32:59,5579
66,85,7,2022-01-30 16:33:00,5580
66,85,7,2022-01-30 16:33:01,5581
66,85,7,2022-01-30 16:33:02,5582
66,85,7,2022-01-30 16:33:03,5583
66,85,7,2022-01-30 16:33:04,5584
66,85,7,2022-01-30 16:33:05,5585
66,85,7,2022-01-30 16:33:06,5586
66,85,7,2022-01-30 16:33:07,5587
66,85,7,2022-01-30 16:33:08,5588
66,85,7,2022-01-30 16:33:09,5589
66,85,7,2022-01-30 16:33:10,5590
66,85,7,2022-01-30 16:33:11,5591
66,85,7,2022-01-30 16:33:12,5592
66,85,7,2022-01-30 16:33:13,5593
66,85,7,2022-01-30 16:33:14,5594
66,85,7,2022-01-30 16:33:15,5595
66,85,7,2022-01-30 16:33:16,5596
66,85,7,2022-01-30 16:33:17,5597
66,85,7,2022-01-30 16:33:18,5598
66,85,7,2022-01-30 16:33:19,5599
66,85,7,2022-01-30 16:33:20,5600
66,85,7,2022-01-30 16:33:21,5601
66,85,7,2022-01-30 16:33:22,5602
66,85,7,2022-01-30 16:33:23,5603
66,85,7,2022-01-30 16:33:24,5604
66,85,7,2022-01-30 16:33:25,5605
66,85,7,2022-01-30 16:33:26,5606
66,85,7,2022-01-30 16:33:27,5607
66,85,7,2022-01-30 16:33:28,5608
66,85,7,2022-01-30 16:33:29,5609
66,85,7,2022-01-30 16:33:30,5610
66,85,7,2022-01-30 16:33:31,5611
66,85,7,2022-01-30 16:33:32,5612
66,85,7,2022-01-30 16:33:33,5613
66,85,7,2022-01-30 16:33:34,5614
66,85,7,2022-01-30 16:33:35,5615
66,85,7,2022-01-30 16:33:36,5616
66,85,7,2022-01-30 16:33:37,5617
66,85,7,2022-01-30 16:33:38,5618
66,85,7,2022-01-30 16:33:39,5619
66,85,7,2022-01-30 16:33:40,5620
66,85,7,2022-01-30 16:33:41,5621
66,85,7,2022-01-30 16:33:42,5622
66,85,7,2022-01-30 16:33:43,5623
66,85,7,2022-01-30 16:33:44,5624
66,85,7,2022-01-30 16:33:45,5625
66,85,7,2022-01-30 16:33:46,5626
66,85,7,2022-01-30 16:33:47,5627
66,85,7,2022-01-30 16:33:48,5628
66,85,7,2022-01-30 16:33:49,5629
66,85,7,2022-01-30 16:33:50,5630
66,85,7,2022-01-30 16:33:51,5631
66,85,7,2022-01-30 16:33:52,5632
66,85,7,2022-01-30 16:33:53,5633
66,85,7,2022-01-30 16:33:54,5634
66,85,7,2022-01-30 16:33:55,5635
66,85,7,2022-01-30 16:33:56,5636
66,85,7,2022-01-30 16:33:57,5637
66,85,7,2022-01-30 16:33:58,5638
66,85,7,2022-01-30 16:33:59,5639
66,85,7,2022-01-30 16:34:00,5640
66,85,7,2022-01-30 16:34:01,5641
66,85,7,2022-01-30 16:34:02,5642
66,85,7,2022-01-30 16:34:03,5643
66,85,7,2022-01-30 16:34:04,5644
66,85,7,2022-01-30 16:34:05,5645
66,85,7,2022-01-30 16:34:06,5646
66,85,7,2022-01-30 16:34:07,5647
66,85,7,2022-01-30 16:34:08,5648
66,85,7,2022-01-30 16:34:09,5649
66,85,7,2022-01-30 16:34:10,5650
66,85,7,2022-01-30 16:34:11,5651
66,85,7,2022-01-30 16:34:12,5652
66,85,7,2022-01-30 16:34:13,5653
66,85,7,2022-01-30 16:34:14,5654
66,85,7,2022-01-30 16:34:15,5655
66,85,7,2022-01-30 16:34:16,5656
66,85,7,2022-01-30 16:34:17,5657
66,85,7,2022-01-30 16:34:18,5658
66,85,7,2022-01-30 16:34:19,5659
66,85,7,2022-01-30 16:34:20,5660
66,85,7,2022-01-30 16:34:21,5661
66,85,7,2022-01-30 16:34:22,5662
66,85,7,2022-01-30 16:34:23,5663
66,85,7,2022-01-30 16:34:24,5664
66,85,7,2022-01-30 16:34:25,5665
66,85,7,2022-01-30 16:34:26,5666
66,85,7,2022-01-30 16:34:27,5667
66,85,7,2022-01-30 16:34:28,5668
66,85,7,2022-01-30 16:34:29,5669
66,85,7,2022-01-30 16:34:30,5670
66,85,7,2022-01-30 16:34:31,5671
66,85,7,2022-01-30 16:34:32,5672
66,85,7,2022-01-30 16:34:33,5673
66,85,7,2022-01-30 16:34:34,5674
66,85,7,2022-01-30 16:34:35,5675
66,85,7,2022-01-30 16:34:36,5676
66,85,7,2022-01-30 16:34:37,5677
66,85,7,2022-01-30 16:34:38,5678
66,85,7,2022-01-30 16:34:39,5679
66,85,7,2022-01-30 16:34:40,5680
66,85,7,2022-01-30 16:34:41,5681
66,85,7,2022-01-30 16:34:42,5682
66,85,7,2022-01-30 16:34:43,5683
66,85,7,2022-01-30 16:34:44,5684
66,85,7,2022-01-30 16:34:45,5685
66,85,7,2022-01-30 16:34:46,5686
66,85,7,2022-01-30 16:34:47,5687
66,85,7,2022-01-30 16:34:48,5688
66,85,7,2022-01-30 16:34:49,5689
66,85,7,2022-01-30 16:34:50,5690
66,85,7,2022-01-30 16:34:51,5691
66,85,7,2022-01-30 16:34:52,5692
66,85,7,2022-01-30 16:34:53,5693
66,85,7,2022-01-30 16:34:54,5694
66,85,7,2022-01-30 16:34:55,5695
66,85,7,2022-01-30 16:34:56,5696
66,85,7,2022-01-30 16:34:57,5697
66,85,7,2022-01-30 16:34:58,5698
66,85,7,2022-01-30 16:34:59,5699
66,85,7,2022-01-30 16:35:00,5700
66,85,7,2022-01-30 16:35:01,5701
66,85,7,2022-01-30 16:35:02,5702
66,85,7,2022-01-30 16:35:03,5703
66,85,7,2022-01-30 16:35:04,5704
66,85,7,2022-01-30 16:35:05,5705
66,85,7,2022-01-30 16:35:06,5706
66,99,51,2022-01-30 16:35:07,5707
66,96,50,2022-01-30 16:35:08,5708
66,93,50,2022-01-30 16:35:09,5709
66,90,47,2022-01-30 16:35:10,5710
66,87,44,2022-01-30 16:35:11,5711
66,84,41,2022-01-30 16:35:12,5712
66,81,38,2022-01-30 16:35:13,5713
66,78,35,2022-01-30 16:35:14,5714
66,75,32,2022-01-30 16:35:15,5715
66,72,29,2022-01-30 16:35:16,5716
66,69,26,2022-01-30 16:35:17,5717
66,66,23,2022-01-30 16:35:18,5718
66,65,20,2022-01-30 16:35:19,5719
66,62,17,2022-01-30 16:35:20,5720
66,59,14,2022-01-30 16:35:21,5721
66,58,11,2022-01-30 16:35:22,5722
66,58,8,2022-01-30 16:35:23,5723
66,58,8,2022-01-30 16:35:24,5724
66,58,8,2022-01-30 16:35:25,5725
66,58,8,2022-01-30 16:35:26,5726
66,58,8,2022-01-30 16:35:27,5727
66,58,8,2022-01-30 16:35:28,5728
66,58,8,2022-01-30 16:35:29,5729
66,58,8,2022-01-30 16:35:30,5730
66,58,8,2022-01-30 16:35:31,5731
66,58,8,2022-01-30 16:35:32,5732
66,58,8,2022-01-30 16:35:33,5733
66,58,8,2022-01-30 16:35:34,5734
66,58,8,2022-01-30 16:35:35,5735
66,58,8,2022-01-30 16:35:36,5736
66,58,8,2022-01-30 16:35:37,5737
66,58,8,2022-01-30 16:35:38,5738
66,58,8,2022-01-30 16:35:39,5739
66,58,8,2022-01-30 16:35:40,5740
66,58,8,2022-01-30 16:35:41,5741
66,58,8,2022-01-30 16:35:42,5742
66,58,8,2022-01-30 16:35:43,5743
66,58,8,2022-01-30 16:35:44,5744
66,58,8,2022-01-30 16:35:45,5745
66,58,8,2022-01-30 16:35:46,5746
66,58,8,2022-01-30 16:35:47,5747
66,58,8,2022-01-30 16:35:48,5748
66,58,8,2022-01-30 16:35:49,5749
66,58,8,2022-01-30 16:35:50,5750
66,58,8,2022-01-30 16:35:51,5751
66,58,8,2022-01-30 16:35:52,5752
66,58,8,2022-01-30 16:35:53,5753
66,58,8,2022-01-30 16:35:54,5754
66,58,8,2022-01-30 16:35:55,5755
66,58,8,2022-01-30 16:35:56,5756
66,58,8,2022-01-30 16:35:57,5757
66,58,8,2022-01-30 16:35:58,5758
66,58,8,2022-01-30 16:35:59,5759
66,58,8,2022-01-30 16:36:00,5760
66,58,8,2022-01-30 16:36:01,5761
66,58,8,2022-01-30 16:36:02,5762
66,58,8,2022-01-30 16:36:03,5763
66,58,8,2022-01-30 16:36:04,5764
66,58,8,2022-01-30 16:36:05,5765
66,58,8,2022-01-30 16:36:06,5766
66,58,8,2022-01-30 16:36:07,5767
66,58,8,2022-01-30 16:36:08,5768
66,58,8,2022-01-30 16:36:09,5769
66,58,8,2022-01-30 16:36:10,5770
66,58,8,2022-01-30 16:36:11,5771
66,58,8,2022-01-30 16:36:12,5772
66,58,8,2022-01-30 16:36:13,5773
66,58,8,2022-01-30 16:36:14,5774
66,58,8,2022-01-30 16:36:15,5775
66,58,8,2022-01-30 16:36:16,5776
66,58,8,2022-01-30 16:36:17,5777
66,58,8,2022-01-30 16:36:18,5778
66,58,8,2022-01-30 16:36:19,5779
66,58,8,2022-01-30 16:36:20,5780
66,58,8,2022-01-30 16:36:21,5781
66,58,8,2022-01-30 16:36:22,5782
66,58,8,2022-01-30 16:36:23,5783
66,58,8,2022-01-30 16:36:24,5784
66,58,8,2022-01-30 16:36:25,5785
66,58,8,2022-01-30 16:36:26,5786
66,58,8,2022-01-30 16:36:27,5787
66,58,8,2022-01-30 16:36:28,5788
66,58,8,2022-01-30 16:36:29,5789
66,58,8,2022-01-30 16:36:30,5790
66,58,8,2022-01-30 16:36:31,5791
66,58,8,2022-01-30 16:36:32,5792
66,58,8,2022-01-30 16:36:33,5793
66,58,8,2022-01-30 16:36:34,5794
66,58,8,2022-01-30 16:36:35,5795
66,58,8,2022-01-30 16:36:36,5796
66,58,8,2022-01-30 16:36:37,5797
66,58,8,2022-01-30 16:36:38,5798
66,58,8,2022-01-30 16:36:39,5799
66,58,8,2022-01-30 16:36:40,5800
66,58,8,2022-01-30 16:36:41,5801
66,58,8,2022-01-30 16:36:42,5802
66,58,8,2022-01-30 16:36:43,5803
66,58,8,2022-01-30 16:36:44,5804
66,58,8,2022-01-30 16:36:45,5805
66,58,8,2022-01-30 16:36:46,5806
66,58,8,2022-01-30 16:36:47,5807
66,58,8,2022-01-30 16:36:48,5808
66,58,8,2022-01-30 16:36:49,5809
66,58,8,2022-01-30 16:36:50,5810
66,58,8,2022-01-30 16:36:51,5811
66,58,8,2022-01-30 16:36:52,5812
66,58,8,2022-01-30 16:36:53,5813
66,58,8,2022-01-30 16:36:54,5814
66,58,8,2022-01-30 16:36:55,5815
66,58,8,2022-01-30 16:36:56,5816
66,58,8,2022-01-30 16:36:57,5817
66,58,8,2022-01-30 16:36:58,5818
66,58,8,2022-01-30 16:36:59,5819
66,58,8,2022-01-30 16:37:00,5820
66,58,8,2022-01-30 16:37:01,5821
66,58,8,2022-01-30 16:37:02,5822
66,58,8,2022-01-30 16:37:03,5823
66,58,8,2022-01-30 16:37:04,5824
66,58,8,2022-01-30 16:37:05,5825
66,58,8,2022-01-30 16:37:06,5826
66,58,8,2022-01-30 16:37:07,5827
66,58,8,2022-01-30 16:37:08,5828
66,58,8,2022-01-30 16:37:09,5829
66,58,8,2022-01-30 16:37:10,5830
66,58,8,2022-01-30 16:37:11,5831
66,58,8,2022-01-30 16:37:12,5832
66,58,8,2022-01-30 16:37:13,5833
66,58,8,2022-01-30 16:37:14,5834
66,58,8,2022-01-30 16:37:15,5835
66,58,8,2022-01-30 16:37:16,5836
66,58,8,2022-01-30 16:37:17,5837
66,58,8,2022-01-30 16:37:18,5838
66,58,8,2022-01-30 16:37:19,5839
66,58,8,2022-01-30 16:37:20,5840
66,58,8,2022-01-30 16:37:21,5841
66,58,8,2022-01-30 16:37:22,5842
66,58,8,2022-01-30 16:37:23,5843
66,58,8,2022-01-30 16:37:24,5844
66,58,8,2022-01-30 16:37:25,5845
66,58,8,2022-01-30 16:37:26,5846
66,58,8,2022-01-30 16:37:27,5847
66,58,8,2022-01-30 16:37:28,5848
66,58,8,2022-01-30 16:37:29,5849
66,58,8,2022-01-30 16:37:30,5850
66,58,8,2022-01-30 16:37:31,5851
66,58,8,2022-01-30 16:37:32,5852
66,58,8,2022-01-30 16:37:33,5853
66,58,8,2022-01-30 16:37:34,5854
66,58,8,2022-01-30 16:37:35,5855
66,58,8,2022-01-30 16:37:36,5856
66,58,8,2022-01-30 16:37:37,5857
66,58,8,2022-01-30 16:37:38,5858
66,58,8,2022-01-30 16:37:39,5859
66,58,8,2022-01-30 16:37:40,5860
66,58,8,2022-01-30 16:37:41,5861
66,58,8,2022-01-30 16:37:42,5862
66,58,8,2022-01-30 16:37:43,5863
66,58,8,2022-01-30 16:37:44,5864
66,58,8,2022-01-30 16:37:45,5865
66,58,8,2022-01-30 16:37:46,5866
66,58,8,2022-01-30 16:37:47,5867
66,58,8,2022-01-30 16:37:48,5868
66,58,8,2022-01-30 16:37:49,5869
66,58,8,2022-01-30 16:37:50,5870
66,58,8,2022-01-30 16:37:51,5871
66,58,8,2022-01-30 16:37:52,5872
66,58,8,2022-01-30 16:37:53,5873
66,58,8,2022-01-30 16:37:54,5874
66,58,8,2022-01-30 16:37:55,5875
66,58,8,2022-01-30 16:37:56,5876
66,58,8,2022-01-30 16:37:57,5877
66,58,8,2022-01-30 16:37:58,5878
66,58,8,2022-01-30 16:37:59,5879
66,58,8,2022-01-30 16:38:00,5880
66,58,8,2022-01-30 16:38:01,5881
66,58,8,2022-01-30 16:38:02,5882
66,58,8,2022-01-30 16:38:03,5883
66,58,8,2022-01-30 16:38:04,5884
66,58,8,2022-01-30 16:38:05,5885
66,58,8,2022-01-30 16:38:06,5886
66,58,8,2022-01-30 16:38:07,5887
66,58,8,2022-01-30 16:38:08,5888
66,58,8,2022-01-30 16:38:09,5889
66,58,8,2022-01-30 16:38:10,5890
66,58,8,2022-01-30 16:38:11,5891
66,58,8,2022-01-30 16:38:12,5892
66,58,8,2022-01-30 16:38:13,5893
66,58,8,2022-01-30 16:38:14,5894
66,58,8,2022-01-30 16:38:15,5895
66,58,8,2022-01-30 16:38:16,5896
66,58,8,2022-01-30 16:38:17,5897
66,58,8,2022-01-30 16:38:18,5898
66,58,8,2022-01-30 16:38:19,5899
66,58,8,2022-01-30 16:38:20,5900
66,58,8,2022-01-30 16:38:21,5901
66,58,8,2022-01-30 16:38:22,5902
66,58,8,2022-01-30 16:38:23,5903
66,58,8,2022-01-30 16:38:24,5904
66,58,8,2022-01-30 16:38:25,5905
66,58,8,2022-01-30 16:38:26,5906
66,58,8,2022-01-30 16:38:27,5907
66,58,8,2022-01-30 16:38:28,5908
66,58,8,2022-01-30 16:38:29,5909
66,58,8,2022-01-30 16:38:30,5910
66,58,8,2022-01-30 16:38:31,5911
66,58,8,2022-01-30 16:38:32,5912
66,58,8,2022-01-30 16:38:33,5913
66,58,8,2022-01-30 16:38:34,5914
66,58,8,2022-01-30 16:38:35,5915
66,58,8,2022-01-30 16:38:36,5916
66,58,8,2022-01-30 16:38:37,5917
66,58,8,2022-01-30 16:38:38,5918
66,58,8,2022-01-30 16:38:39,5919
66,58,8,2022-01-30 16:38:40,5920
66,58,8,2022-01-30 16:38:41,5921
66,58,8,2022-01-30 16:38:42,5922
66,58,8,2022-01-30 16:38:43,5923
66,58,8,2022-01-30 16:38:44,5924
66,58,8,2022-01-30 16:38:45,5925
66,58,8,2022-01-30 16:38:46,5926
66,58,8,2022-01-30 16:38:47,5927
66,58,8,2022-01-30 16:38:48,5928
66,58,8,2022-01-30 16:38:49,5929
66,58,8,2022-01-30 16:38:50,5930
66,58,8,2022-01-30 16:38:51,5931
66,58,8,2022-01-30 16:38:52,5932
66,58,8,2022-01-30 16:38:53,5933
66,58,8,2022-01-30 16:38:54,5934
66,58,8,2022-01-30 16:38:55,5935
66,58,8,2022-01-30 16:38:56,5936
66,58,8,2022-01-30 16:38:57,5937
66,58,8,2022-01-30 16:38:58,5938
66,58,8,2022-01-30 16:38:59,5939
66,58,8,2022-01-30 16:39:00,5940
66,58,8,2022-01-30 16:39:01,5941
66,58,8,2022-01-30 16:39:02,5942
66,58,8,2022-01-30 16:39:03,5943
66,58,8,2022-01-30 16:39:04,5944
66,58,8,2022-01-30 16:39:05,5945
66,58,8,2022-01-30 16:39:06,5946
66,58,8,2022-01-30 16:39:07,5947
66,58,8,2022-01-30 16:39:08,5948
66,58,8,2022-01-30 16:39:09,5949
66,58,8,2022-01-30 16:39:10,5950
66,58,8,2022-01-30 16:39:11,5951
66,58,8,2022-01-30 16:39:12,5952
66,58,8,2022-01-30 16:39:13,5953
66,58,8,2022-01-30 16:39:14,5954
66,58,8,2022-01-30 16:39:15,5955
66,58,8,2022-01-30 16:39:16,5956
66,58,8,2022-01-30 16:39:17,5957
66,58,8,2022-01-30 16:39:18,5958
66,58,8,2022-01-30 16:39:19,5959
66,58,8,2022-01-30 16:39:20,5960
66,58,8,2022-01-30 16:39:21,5961
66,58,8,2022-01-30 16:39:22,5962
66,58,8,2022-01-30 16:39:23,5963
66,58,7,2022-01-30 16:39:24,5964
66,61,7,2022-01-30 16:39:25,5965
66,64,7,2022-01-30 16:39:26,5966
66,67,7,2022-01-30 16:39:27,5967
66,70,7,2022-01-30 16:39:28,5968
66,73,7,2022-01-30 16:39:29,5969
66,76,7,2022-01-30 16:39:30,5970
66,79,7,2022-01-30 16:39:31,5971
66,82,7,2022-01-30 16:39:32,5972
66,85,7,2022-01-30 16:39:33,5973
66,85,7,2022-01-30 16:39:34,5974
66,85,7,2022-01-30 16:39:35,5975
66,85,7,2022-01-30 16:39:36,5976
66,85,7,2022-01-30 16:39:37,5977
66,85,7,2022-01-30 16:39:38,5978
66,85,7,2022-01-30 16:39:39,5979
66,85,7,2022-01-30 16:39:40,5980
66,85,7,2022-01-30 16:39:41,5981
66,85,7,2022-01-30 16:39:42,5982
66,85,7,2022-01-30 16:39:43,5983
66,85,7,2022-01-30 16:39:44,5984
66,85,7,2022-01-30 16:39:45,5985
66,85,7,2022-01-30 16:39:46,5986
66,85,7,2022-01-30 16:39:47,5987
66,85,7,2022-01-30 16:39:48,5988
66,85,7,2022-01-30 16:39:49,5989
66,85,7,2022-01-30 16:39:50,5990
66,85,7,2022-01-30 16:39:51,5991
66,85,7,2022-01-30 16:39:52,5992
66,85,7,2022-01-30 16:39:53,5993
66,85,7,2022-01-30 16:39:54,5994
66,85,7,2022-01-30 16:39:55,5995
66,85,7,2022-01-30 16:39:56,5996
66,85,7,2022-01-30 16:39:57,5997
66,85,7,2022-01-30 16:39:58,5998
66,85,7,2022-01-30 16:39:59,5999
66,85,7,2022-01-30 16:40:00,6000
66,85,7,2022-01-30 16:40:01,6001
66,85,7,2022-01-30 16:40:02,6002
66,85,7,2022-01-30 16:40:03,6003
66,85,7,2022-01-30 16:40:04,6004
66,85,7,2022-01-30 16:40:05,6005
66,85,7,2022-01-30 16:40:06,6006
66,85,7,2022-01-30 16:40:07,6007
66,85,7,2022-01-30 16:40:08,6008
66,85,7,2022-01-30 16:40:09,6009
66,85,7,2022-01-30 16:40:10,6010
66,85,7,2022-01-30 16:40:11,6011
66,85,7,2022-01-30 16:40:12,6012
66,85,7,2022-01-30 16:40:13,6013
66,85,7,2022-01-30 16:40:14,6014
66,85,7,2022-01-30 16:40:15,6015
66,85,7,2022-01-30 16:40:16,6016
66,85,7,2022-01-30 16:40:17,6017
66,85,7,2022-01-30 16:40:18,6018
66,85,7,2022-01-30 16:40:19,6019
66,85,7,2022-01-30 16:40:20,6020
66,85,7,2022-01-30 16:40:21,6021
66,85,7,2022-01-30 16:40:22,6022
66,85,7,2022-01-30 16:40:23,6023
66,85,7,2022-01-30 16:40:24,6024
66,85,7,2022-01-30 16:40:25,6025
66,85,7,2022-01-30 16:40:26,6026
66,85,7,2022-01-30 16:40:27,6027
66,85,7,2022-01-30 16:40:28,6028
66,85,7,2022-01-30 16:40:29,6029
66,85,7,2022-01-30 16:40:30,6030
66,85,7,2022-01-30 16:40:31,6031
66,85,7,2022-01-30 16:40:32,6032
66,85,7,2022-01-30 16:40:33,6033
66,85,7,2022-01-30 16:40:34,6034
66,85,7,2022-01-30 16:40:35,6035
66,85,7,2022-01-30 16:40:36,6036
66,85,7,2022-01-30 16:40:37,6037
66,85,7,2022-01-30 16:40:38,6038
66,85,7,2022-01-30 16:40:39,6039
66,85,7,2022-01-30 16:40:40,6040
66,85,7,2022-01-30 16:40:41,6041
66,85,7,2022-01-30 16:40:42,6042
66,85,7,2022-01-30 16:40:43,6043
66,85,7,2022-01-30 16:40:44,6044
66,85,7,2022-01-30 16:40:45,6045
66,85,7,2022-01-30 16:40:46,6046
66,85,7,2022-01-30 16:40:47,6047
66,85,7,2022-01-30 16:40:48,6048
66,85,7,2022-01-30 16:40:49,6049
66,85,7,2022-01-30 16:40:50,6050
66,85,7,2022-01-30 16:40:51,6051
66,85,7,2022-01-30 16:40:52,6052
66,85,7,2022-01-30 16:40:53,6053
66,85,7,2022-01-30 16:40:54,6054
66,85,7,2022-01-30 16:40:55,6055
66,85,7,2022-01-30 16:40:56,6056
66,85,7,2022-01-30 16:40:57,6057
66,85,7,2022-01-30 16:40:58,6058
66,85,7,2022-01-30 16:40:59,6059
66,85,7,2022-01-30 16:41:00,6060
66,85,7,2022-01-30 16:41:01,6061
66,85,7,2022-01-30 16:41:02,6062
66,85,7,2022-01-30 16:41:03,6063
66,85,7,2022-01-30 16:41:04,6064
66,85,7,2022-01-30 16:41:05,6065
66,85,7,2022-01-30 16:41:06,6066
66,85,7,2022-01-30 16:41:07,6067
66,85,7,2022-01-30 16:41:08,6068
66,85,7,2022-01-30 16:41:09,6069
66,85,7,2022-01-30 16:41:10,6070
66,85,7,2022-01-30 16:41:11,6071
66,85,7,2022-01-30 16:41:12,6072
66,85,7,2022-01-30 16:41:13,6073
66,85,7,2022-01-30 16:41:14,6074
66,85,7,2022-01-30 16:41:15,6075
66,85,7,2022-01-30 16:41:16,6076
66,85,7,2022-01-30 16:41:17,6077
66,85,7,2022-01-30 16:41:18,6078
66,85,7,2022-01-30 16:41:19,6079
66,85,7,2022-01-30 16:41:20,6080
66,85,7,2022-01-30 16:41:21,6081
66,85,7,2022-01-30 16:41:22,6082
66,85,7,2022-01-30 16:41:23,6083
66,85,7,2022-01-30 16:41:24,6084
66,85,7,2022-01-30 16:41:25,6085
66,85,7,2022-01-30 16:41:26,6086
66,85,7,2022-01-30 16:41:27,6087
66,85,7,2022-01-30 16:41:28,6088
66,85,7,2022-01-30 16:41:29,6089
66,85,7,2022-01-30 16:41:30,6090
66,85,7,2022-01-30 16:41:31,6091
66,85,7,2022-01-30 16:41:32,6092
66,85,7,2022-01-30 16:41:33,6093
66,85,7,2022-01-30 16:41:34,6094
66,85,7,2022-01-30 16:41:35,6095
66,85,7,2022-01-30 16:41:36,6096
66,85,7,2022-01-30 16:41:37,6097
66,85,7,2022-01-30 16:41:38,6098
66,85,7,2022-01-30 16:41:39,6099
66,85,7,2022-01-30 16:41:40,6100
66,85,7,2022-01-30 16:41:41,6101
66,85,7,2022-01-30 16:41:42,6102
66,85,7,2022-01-30 16:41:43,6103
66,85,7,2022-01-30 16:41:44,6104
66,85,7,2022-01-30 16:41:45,6105
66,85,7,2022-01-30 16:41:46,6106
66,85,7,2022-01-30 16:41:47,6107
66,85,7,2022-01-30 16:41:48,6108
66,85,7,2022-01-30 16:41:49,6109
66,85,7,2022-01-30 16:41:50,6110
66,85,7,2022-01-30 16:41:51,6111
66,85,7,2022-01-30 16:41:52,6112
66,85,7,2022-01-30 16:41:53,6113
66,85,7,2022-01-30 16:41:54,6114
66,85,7,2022-01-30 16:41:55,6115
66,85,7,2022-01-30 16:41:56,6116
66,85,7,2022-01-30 16:41:57,6117
66,85,7,2022-01-30 16:41:58,6118
66,85,7,2022-01-30 16:41:59,6119
66,85,7,2022-01-30 16:42:00,6120
66,85,7,2022-01-30 16:42:01,6121
66,85,7,2022-01-30 16:42:02,6122
66,85,7,2022-01-30 16:42:03,6123
66,85,7,2022-01-30 16:42:04,6124
66,85,7,2022-01-30 16:42:05,6125
66,85,7,2022-01-30 16:42:06,6126
66,85,7,2022-01-30 16:42:07,6127
66,85,7,2022-01-30 16:42:08,6128
66,85,7,2022-01-30 16:42:09,6129
66,85,7,2022-01-30 16:42:10,6130
66,85,7,2022-01-30 16:42:11,6131
66,85,7,2022-01-30 16:42:12,6132
66,85,7,2022-01-30 16:42:13,6133
66,85,7,2022-01-30 16:42:14,6134
66,85,7,2022-01-30 16:42:15,6135
66,85,7,2022-01-30 16:42:16,6136
66,85,7,2022-01-30 16:42:17,6137
66,85,7,2022-01-30 16:42:18,6138
66,85,7,2022-01-30 16:42:19,6139
66,85,7,2022-01-30 16:42:20,6140
66,85,7,2022-01-30 16:42:21,6141
66,85,7,2022-01-30 16:42:22,6142
66,85,7,2022-01-30 16:42:23,6143
66,85,7,2022-01-30 16:42:24,6144
66,85,7,2022-01-30 16:42:25,6145
66,85,7,2022-01-30 16:42:26,6146
66,85,7,2022-01-30 16:42:27,6147
66,85,7,2022-01-30 16:42:28,6148
66,85,7,2022-01-30 16:42:29,6149
66,85,7,2022-01-30 16:42:30,6150
66,85,7,2022-01-30 16:42:31,6151
66,85,7,2022-01-30 16:42:32,6152
66,85,7,2022-01-30 16:42:33,6153
66,85,7,2022-01-30 16:42:34,6154
66,85,7,2022-01-30 16:42:35,6155
66,85,7,2022-01-30 16:42:36,6156
66,85,7,2022-01-30 16:42:37,6157
66,85,7,2022-01-30 16:42:38,6158
66,85,7,2022-01-30 16:42:39,6159
66,85,7,2022-01-30 16:42:40,6160
66,85,7,2022-01-30 16:42:41,6161
66,85,7,2022-01-30 16:42:42,6162
66,85,7,2022-01-30 16:42:43,6163
66,85,7,2022-01-30 16:42:44,6164
66,85,7,2022-01-30 16:42:45,6165
66,85,7,2022-01-30 16:42:46,6166
66,85,7,2022-01-30 16:42:47,6167
66,85,7,2022-01-30 16:42:48,6168
66,85,7,2022-01-30 16:42:49,6169
66,85,7,2022-01-30 16:42:50,6170
66,85,7,2022-01-30 16:42:51,6171
66,85,7,2022-01-30 16:42:52,6172
66,85,7,2022-01-30 16:42:53,6173
66,85,7,2022-01-30 16:42:54,6174
66,85,7,2022-01-30 16:42:55,6175
66,85,7,2022-01-30 16:42:56,6176
66,85,7,2022-01-30 16:42:57,6177
66,85,7,2022-01-30 16:42:58,6178
66,85,7,2022-01-30 16:42:59,6179
66,85,7,2022-01-30 16:43:00,6180
66,85,7,2022-01-30 16:43:01,6181
66,85,7,2022-01-30 16:43:02,6182
66,85,7,2022-01-30 16:43:03,6183
66,85,7,2022-01-30 16:43:04,6184
66,85,7,2022-01-30 16:43:05,6185
66,85,7,2022-01-30 16:43:06,6186
66,85,7,2022-01-30 16:43:07,6187
66,85,7,2022-01-30 16:43:08,6188
66,85,7,2022-01-30 16:43:09,6189
66,85,7,2022-01-30 16:43:10,6190
66,85,7,2022-01-30 16:43:11,6191
66,85,7,2022-01-30 16:43:12,6192
66,85,7,2022-01-30 16:43:13,6193
66,85,7,2022-01-30 16:43:14,6194
66,85,7,2022-01-30 16:43:15,6195
66,85,7,2022-01-30 16:43:16,6196
66,85,7,2022-01-30 16:43:17,6197
66,85,7,2022-01-30 16:43:18,6198
66,85,7,2022-01-30 16:43:19,6199
66,85,7,2022-01-30 16:43:20,6200
66,85,7,2022-01-30 16:43:21,6201
66,85,7,2022-01-30 16:43:22,6202
66,85,7,2022-01-30 16:43:23,6203
66,85,7,2022-01-30 16:43:24,6204
66,85,7,2022-01-30 16:43:25,6205
66,85,7,2022-01-30 16:43:26,6206
66,85,7,2022-01-30 16:43:27,6207
66,85,7,2022-01-30 16:43:28,6208
66,85,7,2022-01-30 16:43:29,6209
66,85,7,2022-01-30 16:43:30,6210
66,85,7,2022-01-30 16:43:31,6211
66,85,7,2022-01-30 16:43:32,6212
66,85,7,2022-01-30 16:43:33,6213
66,86,7,2022-01-30 16:43:34,6214
66,83,7,2022-01-30 16:43:35,6215
66,80,7,2022-01-30 16:43:36,6216
66,77,7,2022-01-30 16:43:37,6217
66,74,7,2022-01-30 16:43:38,6218
66,71,7,2022-01-30 16:43:39,6219
66,68,7,2022-01-30 16:43:40,6220
66,65,7,2022-01-30 16:43:41,6221
66,62,7,2022-01-30 16:43:42,6222
66,59,7,2022-01-30 16:43:43,6223
66,56,7,2022-01-30 16:43:44,6224
66,53,7,2022-01-30 16:43:45,6225
66,50,7,2022-01-30 16:43:46,6226
66,47,7,2022-01-30 16:43:47,6227
66,44,7,2022-01-30 16:43:48,6228
66,41,7,2022-01-30 16:43:49,6229
66,38,7,2022-01-30 16:43:50,6230
66,35,7,2022-01-30 16:43:51,6231
66,32,7,2022-01-30 16:43:52,6232
66,29,7,2022-01-30 16:43:53,6233
66,26,7,2022-01-30 16:43:54,6234
66,23,7,2022-01-30 16:43:55,6235
66,20,7,2022-01-30 16:43:56,6236
66,17,7,2022-01-30 16:43:57,6237
66,14,7,2022-01-30 16:43:58,6238
66,11,7,2022-01-30 16:43:59,6239
66,11,7,2022-01-30 16:44:00,6240
66,11,7,2022-01-30 16:44:01,6241
66,11,7,2022-01-30 16:44:02,6242
66,11,7,2022-01-30 16:44:03,6243
66,11,7,2022-01-30 16:44:04,6244
66,11,7,2022-01-30 16:44:05,6245
66,11,7,2022-01-30 16:44:06,6246
66,11,7,2022-01-30 16:44:07,6247
66,11,7,2022-01-30 16:44:08,6248
66,11,7,2022-01-30 16:44:09,6249
66,11,7,2022-01-30 16:44:10,6250
66,11,7,2022-01-30 16:44:11,6251
66,11,7,2022-01-30 16:44:12,6252
66,11,7,2022-01-30 16:44:13,6253
66,11,7,2022-01-30 16:44:14,6254
66,11,7,2022-01-30 16:44:15,6255
66,11,7,2022-01-30 16:44:16,6256
66,11,7,2022-01-30 16:44:17,6257
66,11,7,2022-01-30 16:44:18,6258
66,11,7,2022-01-30 16:44:19,6259
66,11,7,2022-01-30 16:44:20,6260
66,11,7,2022-01-30 16:44:21,6261
66,11,7,2022-01-30 16:44:22,6262
66,11,7,2022-01-30 16:44:23,6263
66,11,7,2022-01-30 16:44:24,6264
66,11,7,2022-01-30 16:44:25,6265
66,11,7,2022-01-30 16:44:26,6266
66,11,7,2022-01-30 16:44:27,6267
66,11,7,2022-01-30 16:44:28,6268
66,11,7,2022-01-30 16:44:29,6269
66,11,7,2022-01-30 16:44:30,6270
66,11,7,2022-01-30 16:44:31,6271
66,11,7,2022-01-30 16:44:32,6272
66,11,7,2022-01-30 16:44:33,6273
66,11,7,2022-01-30 16:44:34,6274
66,11,7,2022-01-30 16:44:35,6275
66,11,7,2022-01-30 16:44:36,6276
66,11,7,2022-01-30 16:44:37,6277
66,11,7,2022-01-30 16:44:38,6278
66,11,7,2022-01-30 16:44:39,6279
66,11,7,2022-01-30 16:44:40,6280
66,11,7,2022-01-30 16:44:41,6281
66,11,7,2022-01-30 16:44:42,6282
66,11,7,2022-01-30 16:44:43,6283
66,11,7,2022-01-30 16:44:44,6284
66,11,7,2022-01-30 16:44:45,6285
66,11,7,2022-01-30 16:44:46,6286
66,11,7,2022-01-30 16:44:47,6287
66,11,7,2022-01-30 16:44:48,6288
66,11,7,2022-01-30 16:44:49,6289
66,11,7,2022-01-30 16:44:50,6290
66,11,7,2022-01-30 16:44:51,6291
66,11,7,2022-01-30 16:44:52,6292
66,11,7,2022-01-30 16:44:53,6293
66,11,7,2022-01-30 16:44:54,6294
66,11,7,2022-01-30 16:44:55,6295
66,11,7,2022-01-30 16:44:56,6296
66,11,7,2022-01-30 16:44:57,6297
66,11,7,2022-01-30 16:44:58,6298
66,11,7,2022-01-30 16:44:59,6299
66,11,7,2022-01-30 16:45:00,6300
66,11,7,2022-01-30 16:45:01,6301
66,11,7,2022-01-30 16:45:02,6302
66,11,7,2022-01-30 16:45:03,6303
66,11,7,2022-01-30 16:45:04,6304
66,11,7,2022-01-30 16:45:05,6305
66,11,7,2022-01-30 16:45:06,6306
66,11,7,2022-01-30 16:45:07,6307
66,11,7,2022-01-30 16:45:08,6308
66,11,7,2022-01-30 16:45:09,6309
66,11,7,2022-01-30 16:45:10,6310
66,11,7,2022-01-30 16:45:11,6311
66,11,7,2022-01-30 16:45:12,6312
66,11,7,2022-01-30 16:45:13,6313
66,11,7,2022-01-30 16:45:14,6314
66,11,7,2022-01-30 16:45:15,6315
66,11,7,2022-01-30 16:45:16,6316
66,11,7,2022-01-30 16:45:17,6317
66,11,7,2022-01-30 16:45:18,6318
66,11,7,2022-01-30 16:45:19,6319
66,11,7,2022-01-30 16:45:20,6320
66,11,7,2022-01-30 16:45:21,6321
66,11,7,2022-01-30 16:45:22,6322
66,11,7,2022-01-30 16:45:23,6323
66,11,7,2022-01-30 16:45:24,6324
66,11,7,2022-01-30 16:45:25,6325
66,11,7,2022-01-30 16:45:26,6326
66,11,7,2022-01-30 16:45:27,6327
66,11,7,2022-01-30 16:45:28,6328
66,11,7,2022-01-30 16:45:29,6329
66,11,7,2022-01-30 16:45:30,6330
66,11,7,2022-01-30 16:45:31,6331
66,11,7,2022-01-30 16:45:32,6332
66,11,7,2022-01-30 16:45:33,6333
66,11,7,2022-01-30 16:45:34,6334
66,11,7,2022-01-30 16:45:35,6335
66,11,7,2022-01-30 16:45:36,6336
66,11,7,2022-01-30 16:45:37,6337
66,11,7,2022-01-30 16:45:38,6338
66,11,7,2022-01-30 16:45:39,6339
66,11,7,2022-01-30 16:45:40,6340
66,11,7,2022-01-30 16:45:41,6341
66,11,7,2022-01-30 16:45:42,6342
66,11,7,2022-01-30 16:45:43,6343
66,11,7,2022-01-30 16:45:44,6344
66,11,7,2022-01-30 16:45:45,6345
66,11,7,2022-01-30 16:45:46,6346
66,11,7,2022-01-30 16:45:47,6347
66,11,7,2022-01-30 16:45:48,6348
66,11,7,2022-01-30 16:45:49,6349
66,11,7,2022-01-30 16:45:50,6350
66,11,7,2022-01-30 16:45:51,6351
66,11,7,2022-01-30 16:45:52,6352
66,11,7,2022-01-30 16:45:53,6353
66,11,7,2022-01-30 16:45:54,6354
66,11,7,2022-01-30 16:45:55,6355
66,11,7,2022-01-30 16:45:56,6356
66,11,7,2022-01-30 16:45:57,6357
66,11,7,2022-01-30 16:45:58,6358
66,11,7,2022-01-30 16:45:59,6359
66,11,7,2022-01-30 16:46:00,6360
66,11,7,2022-01-30 16:46:01,6361
66,11,7,2022-01-30 16:46:02,6362
66,11,7,2022-01-30 16:46:03,6363
66,11,7,2022-01-30 16:46:04,6364
66,11,7,2022-01-30 16:46:05,6365
66,11,7,2022-01-30 16:46:06,6366
66,11,7,2022-01-30 16:46:07,6367
66,11,7,2022-01-30 16:46:08,6368
66,11,7,2022-01-30 16:46:09,6369
66,11,7,2022-01-30 16:46:10,6370
66,11,7,2022-01-30 16:46:11,6371
66,11,7,2022-01-30 16:46:12,6372
66,11,7,2022-01-30 16:46:13,6373
66,11,7,2022-01-30 16:46:14,6374
66,11,7,2022-01-30 16:46:15,6375
66,11,7,2022-01-30 16:46:16,6376
66,11,7,2022-01-30 16:46:17,6377
66,11,7,2022-01-30 16:46:18,6378
66,11,7,2022-01-30 16:46:19,6379
66,11,7,2022-01-30 16:46:20,6380
66,11,7,2022-01-30 16:46:21,6381
66,11,7,2022-01-30 16:46:22,6382
66,11,7,2022-01-30 16:46:23,6383
66,11,7,2022-01-30 16:46:24,6384
66,11,7,2022-01-30 16:46:25,6385
66,11,7,2022-01-30 16:46:26,6386
66,11,7,2022-01-30 16:46:27,6387
66,11,7,2022-01-30 16:46:28,6388
66,11,7,2022-01-30 16:46:29,6389
66,11,7,2022-01-30 16:46:30,6390
66,11,7,2022-01-30 16:46:31,6391
66,11,7,2022-01-30 16:46:32,6392
66,11,7,2022-01-30 16:46:33,6393
66,11,7,2022-01-30 16:46:34,6394
66,11,7,2022-01-30 16:46:35,6395
66,11,7,2022-01-30 16:46:36,6396
66,11,7,2022-01-30 16:46:37,6397
66,11,7,2022-01-30 16:46:38,6398
66,11,7,2022-01-30 16:46:39,6399
66,11,7,2022-01-30 16:46:40,6400
66,11,7,2022-01-30 16:46:41,6401
66,11,7,2022-01-30 16:46:42,6402
66,11,7,2022-01-30 16:46:43,6403
66,11,7,2022-01-30 16:46:44,6404
66,11,7,2022-01-30 16:46:45,6405
66,11,7,2022-01-30 16:46:46,6406
66,11,7,2022-01-30 16:46:47,6407
66,11,7,2022-01-30 16:46:48,6408
66,11,7,2022-01-30 16:46:49,6409
66,11,7,2022-01-30 16:46:50,6410
66,11,7,2022-01-30 16:46:51,6411
66,11,7,2022-01-30 16:46:52,6412
66,11,7,2022-01-30 16:46:53,6413
66,11,7,2022-01-30 16:46:54,6414
66,11,7,2022-01-30 16:46:55,6415
66,11,7,2022-01-30 16:46:56,6416
66,11,7,2022-01-30 16:46:57,6417
66,11,7,2022-01-30 16:46:58,6418
66,11,7,2022-01-30 16:46:59,6419
66,99,51,2022-01-30 16:47:00,6420
66,96,50,2022-01-30 16:47:01,6421
66,93,50,2022-01-30 16:47:02,6422
66,90,47,2022-01-30 16:47:03,6423
66,87,44,2022-01-30 16:47:04,6424
66,84,41,2022-01-30 16:47:05,6425
66,81,38,2022-01-30 16:47:06,6426
66,78,35,2022-01-30 16:47:07,6427
66,75,32,2022-01-30 16:47:08,6428
66,72,29,2022-01-30 16:47:09,6429
66,69,26,2022-01-30 16:47:10,6430
66,66,23,2022-01-30 16:47:11,6431
66,65,20,2022-01-30 16:47:12,6432
66,62,17,2022-01-30 16:47:13,6433
66,59,14,2022-01-30 16:47:14,6434
66,58,11,2022-01-30 16:47:15,6435
66,58,8,2022-01-30 16:47:16,6436
66,58,8,2022-01-30 16:47:17,6437
66,58,8,2022-01-30 16:47:18,6438
66,58,8,2022-01-30 16:47:19,6439
66,58,8,2022-01-30 16:47:20,6440
66,58,8,2022-01-30 16:47:21,6441
66,58,8,2022-01-30 16:47:22,6442
66,58,8,2022-01-30 16:47:23,6443
66,58,8,2022-01-30 16:47:24,6444
66,58,8,2022-01-30 16:47:25,6445
66,58,8,2022-01-30 16:47:26,6446
66,58,8,2022-01-30 16:47:27,6447
66,58,8,2022-01-30 16:47:28,6448
66,58,8,2022-01-30 16:47:29,6449
66,58,8,2022-01-30 16:47:30,6450
66,58,8,2022-01-30 16:47:31,6451
66,58,8,2022-01-30 16:47:32,6452
66,58,8,2022-01-30 16:47:33,6453
66,58,8,2022-01-30 16:47:34,6454
66,58,8,2022-01-30 16:47:35,6455
66,58,8,2022-01-30 16:47:36,6456
66,58,8,2022-01-30 16:47:37,6457
66,58,8,2022-01-30 16:47:38,6458
66,58,8,2022-01-30 16:47:39,6459
66,58,8,2022-01-30 16:47:40,6460
66,58,8,2022-01-30 16:47:41,6461
66,58,8,2022-01-30 16:47:42,6462
66,58,8,2022-01-30 16:47:43,6463
66,58,8,2022-01-30 16:47:44,6464
66,58,8,2022-01-30 16:47:45,6465
66,58,8,2022-01-30 16:47:46,6466
66,58,8,2022-01-30 16:47:47,6467
66,58,8,2022-01-30 16:47:48,6468
66,58,8,2022-01-30 16:47:49,6469
66,58,8,2022-01-30 16:47:50,6470
66,58,8,2022-01-30 16:47:51,6471
66,58,8,2022-01-30 16:47:52,6472
66,58,8,2022-01-30 16:47:53,6473
66,58,8,2022-01-30 16:47:54,6474
66,58,8,2022-01-30 16:47:55,6475
66,58,8,2022-01-30 16:47:56,6476
66,58,8,2022-01-30 16:47:57,6477
66,58,8,2022-01-30 16:47:58,6478
66,58,8,2022-01-30 16:47:59,6479
66,58,8,2022-01-30 16:48:00,6480
66,58,8,2022-01-30 16:48:01,6481
66,58,8,2022-01-30 16:48:02,6482
66,58,8,2022-01-30 16:48:03,6483
66,58,8,2022-01-30 16:48:04,6484
66,58,8,2022-01-30 16:48:05,6485
66,58,8,2022-01-30 16:48:06,6486
66,58,8,2022-01-30 16:48:07,6487
66,58,8,2022-01-30 16:48:08,6488
66,58,8,2022-01-30 16:48:09,6489
66,58,8,2022-01-30 16:48:10,6490
66,58,8,2022-01-30 16:48:11,6491
66,58,8,2022-01-30 16:48:12,6492
66,58,8,2022-01-30 16:48:13,6493
66,58,8,2022-01-30 16:48:14,6494
66,58,8,2022-01-30 16:48:15,6495
66,58,8,2022-01-30 16:48:16,6496
66,58,8,2022-01-30 16:48:17,6497
66,58,8,2022-01-30 16:48:18,6498
66,58,8,2022-01-30 16:48:19,6499
66,58,8,2022-01-30 16:48:20,6500
66,58,8,2022-01-30 16:48:21,6501
66,58,8,2022-01-30 16:48:22,6502
66,58,8,2022-01-30 16:48:23,6503
66,58,8,2022-01-30 16:48:24,6504
66,58,8,2022-01-30 16:48:25,6505
66,58,8,2022-01-30 16:48:26,6506
66,58,8,2022-01-30 16:48:27,6507
66,58,8,2022-01-30 16:48:28,6508
66,58,8,2022-01-30 16:48:29,6509
66,58,8,2022-01-30 16:48:30,6510
66,58,8,2022-01-30 16:48:31,6511
66,58,8,2022-01-30 16:48:32,6512
66,58,8,2022-01-30 16:48:33,6513
66,58,8,2022-01-30 16:48:34,6514
66,58,8,2022-01-30 16:48:35,6515
66,58,8,2022-01-30 16:48:36,6516
66,58,8,2022-01-30 16:48:37,6517
66,58,8,2022-01-30 16:48:38,6518
66,58,8,2022-01-30 16:48:39,6519
66,58,8,2022-01-30 16:48:40,6520
66,58,8,2022-01-30 16:48:41,6521
66,58,8,2022-01-30 16:48:42,6522
66,58,8,2022-01-30 16:48:43,6523
66,58,8,2022-01-30 16:48:44,6524
66,58,8,2022-01-30 16:48:45,6525
66,58,8,2022-01-30 16:48:46,6526
66,58,8,2022-01-30 16:48:47,6527
66,58,8,2022-01-30 16:48:48,6528
66,58,8,2022-01-30 16:48:49,6529
66,58,8,2022-01-30 16:48:50,6530
66,58,8,2022-01-30 16:48:51,6531
66,58,8,2022-01-30 16:48:52,6532
66,58,8,2022-01-30 16:48:53,6533
66,58,8,2022-01-30 16:48:54,6534
66,58,8,2022-01-30 16:48:55,6535
66,58,8,2022-01-30 16:48:56,6536
66,58,8,2022-01-30 16:48:57,6537
66,58,8,2022-01-30 16:48:58,6538
66,58,8,2022-01-30 16:48:59,6539
66,58,8,2022-01-30 16:49:00,6540
66,58,8,2022-01-30 16:49:01,6541
66,58,8,2022-01-30 16:49:02,6542
66,58,8,2022-01-30 16:49:03,6543
66,58,8,2022-01-30 16:49:04,6544
66,58,8,2022-01-30 16:49:05,6545
66,58,8,2022-01-30 16:49:06,6546
66,58,8,2022-01-30 16:49:07,6547
66,58,8,2022-01-30 16:49:08,6548
66,58,8,2022-01-30 16:49:09,6549
66,58,8,2022-01-30 16:49:10,6550
66,58,8,2022-01-30 16:49:11,6551
66,58,8,2022-01-30 16:49:12,6552
66,58,8,2022-01-30 16:49:13,6553
66,58,8,2022-01-30 16:49:14,6554
66,58,8,2022-01-30 16:49:15,6555
66,58,8,2022-01-30 16:49:16,6556
66,58,8,2022-01-30 16:49:17,6557
66,58,8,2022-01-30 16:49:18,6558
66,58,8,2022-01-30 16:49:19,6559
66,58,8,2022-01-30 16:49:20,6560
66,58,8,2022-01-30 16:49:21,6561
66,58,8,2022-01-30 16:49:22,6562
66,58,8,2022-01-30 16:49:23,6563
66,58,8,2022-01-30 16:49:24,6564
66,58,8,2022-01-30 16:49:25,6565
66,58,8,2022-01-30 16:49:26,6566
66,58,8,2022-01-30 16:49:27,6567
66,58,8,2022-01-30 16:49:28,6568
66,58,8,2022-01-30 16:49:29,6569
66,58,8,2022-01-30 16:49:30,6570
66,58,8,2022-01-30 16:49:31,6571
66,58,8,2022-01-30 16:49:32,6572
66,58,8,2022-01-30 16:49:33,6573
66,58,8,2022-01-30 16:49:34,6574
66,58,8,2022-01-30 16:49:35,6575
66,58,8,2022-01-30 16:49:36,6576
66,58,8,2022-01-30 16:49:37,6577
66,58,8,2022-01-30 16:49:38,6578
66,58,8,2022-01-30 16:49:39,6579
66,58,8,2022-01-30 16:49:40,6580
66,58,8,2022-01-30 16:49:41,6581
66,58,8,2022-01-30 16:49:42,6582
66,58,8,2022-01-30 16:49:43,6583
66,58,8,2022-01-30 16:49:44,6584
66,58,8,2022-01-30 16:49:45,6585
66,58,8,2022-01-30 16:49:46,6586
66,58,8,2022-01-30 16:49:47,6587
66,58,8,2022-01-30 16:49:48,6588
66,58,8,2022-01-30 16:49:49,6589
66,58,8,2022-01-30 16:49:50,6590
66,58,8,2022-01-30 16:49:51,6591
66,58,8,2022-01-30 16:49:52,6592
66,58,8,2022-01-30 16:49:53,6593
66,58,8,2022-01-30 16:49:54,6594
66,58,8,2022-01-30 16:49:55,6595
66,58,8,2022-01-30 16:49:56,6596
66,58,8,2022-01-30 16:49:57,6597
66,58,8,2022-01-30 16:49:58,6598
66,58,8,2022-01-30 16:49:59,6599
66,58,8,2022-01-30 16:50:00,6600
66,58,8,2022-01-30 16:50:01,6601
66,58,8,2022-01-30 16:50:02,6602
66,58,8,2022-01-30 16:50:03,6603
66,58,8,2022-01-30 16:50:04,6604
66,58,8,2022-01-30 16:50:05,6605
66,58,8,2022-01-30 16:50:06,6606
66,58,8,2022-01-30 16:50:07,6607
66,58,8,2022-01-30 16:50:08,6608
66,58,8,2022-01-30 16:50:09,6609
66,58,8,2022-01-30 16:50:10,6610
66,58,8,2022-01-30 16:50:11,6611
66,58,8,2022-01-30 16:50:12,6612
66,58,8,2022-01-30 16:50:13,6613
66,58,8,2022-01-30 16:50:14,6614
66,58,8,2022-01-30 16:50:15,6615
66,58,8,2022-01-30 16:50:16,6616
66,58,8,2022-01-30 16:50:17,6617
66,58,8,2022-01-30 16:50:18,6618
66,58,8,2022-01-30 16:50:19,6619
66,58,8,2022-01-30 16:50:20,6620
66,58,8,2022-01-30 16:50:21,6621
66,58,8,2022-01-30 16:50:22,6622
66,58,8,2022-01-30 16:50:23,6623
66,58,8,2022-01-30 16:50:24,6624
66,58,8,2022-01-30 16:50:25,6625
66,58,8,2022-01-30 16:50:26,6626
66,58,8,2022-01-30 16:50:27,6627
66,58,8,2022-01-30 16:50:28,6628
66,58,8,2022-01-30 16:50:29,6629
66,58,8,2022-01-30 16:50:30,6630
66,58,8,2022-01-30 16:50:31,6631
66,58,8,2022-01-30 16:50:32,6632
66,58,8,2022-01-30 16:50:33,6633
66,58,8,2022-01-30 16:50:34,6634
66,58,8,2022-01-30 16:50:35,6635
66,58,8,2022-01-30 16:50:36,6636
66,58,8,2022-01-30 16:50:37,6637
66,58,8,2022-01-30 16:50:38,6638
66,58,8,2022-01-30 16:50:39,6639
66,58,8,2022-01-30 16:50:40,6640
66,58,8,2022-01-30 16:50:41,6641
66,58,8,2022-01-30 16:50:42,6642
66,58,8,2022-01-30 16:50:43,6643
66,58,8,2022-01-30 16:50:44,6644
66,58,8,2022-01-30 16:50:45,6645
66,58,8,2022-01-30 16:50:46,6646
66,58,8,2022-01-30 16:50:47,6647
66,58,8,2022-01-30 16:50:48,6648
66,58,8,2022-01-30 16:50:49,6649
66,58,8,2022-01-30 16:50:50,6650
66,58,8,2022-01-30 16:50:51,6651
66,58,8,2022-01-30 16:50:52,6652
66,58,8,2022-01-30 16:50:53,6653
66,58,8,2022-01-30 16:50:54,6654
66,58,8,2022-01-30 16:50:55,6655
66,58,8,2022-01-30 16:50:56,6656
66,58,8,2022-01-30 16:50:57,6657
66,58,8,2022-01-30 16:50:58,6658
66,58,8,2022-01-30 16:50:59,6659
66,58,8,2022-01-30 16:51:00,6660
66,58,8,2022-01-30 16:51:01,6661
66,58,8,2022-01-30 16:51:02,6662
66,58,8,2022-01-30 16:51:03,6663
66,58,8,2022-01-30 16:51:04,6664
66,58,8,2022-01-30 16:51:05,6665
66,58,8,2022-01-30 16:51:06,6666
66,58,8,2022-01-30 16:51:07,6667
66,58,8,2022-01-30 16:51:08,6668
66,58,8,2022-01-30 16:51:09,6669
66,58,8,2022-01-30 16:51:10,6670
66,58,8,2022-01-30 16:51:11,6671
66,58,8,2022-01-30 16:51:12,6672
66,58,8,2022-01-30 16:51:13,6673
66,58,8,2022-01-30 16:51:14,6674
66,58,8,2022-01-30 16:51:15,6675
66,58,8,2022-01-30 16:51:16,6676
66,58,7,2022-01-30 16:51:17,6677
66,61,7,2022-01-30 16:51:18,6678
66,64,7,2022-01-30 16:51:19,6679
66,67,7,2022-01-30 16:51:20,6680
66,70,7,2022-01-30 16:51:21,6681
66,73,7,2022-01-30 16:51:22,6682
66,76,7,2022-01-30 16:51:23,6683
66,79,7,2022-01-30 16:51:24,6684
66,82,7,2022-01-30 16:51:25,6685
66,85,7,2022-01-30 16:51:26,6686
66,85,7,2022-01-30 16:51:27,6687
66,85,7,2022-01-30 16:51:28,6688
66,85,7,2022-01-30 16:51:29,6689
66,85,7,2022-01-30 16:51:30,6690
66,85,7,2022-01-30 16:51:31,6691
66,85,7,2022-01-30 16:51:32,6692
66,85,7,2022-01-30 16:51:33,6693
66,85,7,2022-01-30 16:51:34,6694
66,85,7,2022-01-30 16:51:35,6695
66,85,7,2022-01-30 16:51:36,6696
66,85,7,2022-01-30 16:51:37,6697
66,85,7,2022-01-30 16:51:38,6698
66,85,7,2022-01-30 16:51:39,6699
66,85,7,2022-01-30 16:51:40,6700
66,85,7,2022-01-30 16:51:41,6701
66,85,7,2022-01-30 16:51:42,6702
66,85,7,2022-01-30 16:51:43,6703
66,85,7,2022-01-30 16:51:44,6704
66,85,7,2022-01-30 16:51:45,6705
66,85,7,2022-01-30 16:51:46,6706
66,85,7,2022-01-30 16:51:47,6707
66,85,7,2022-01-30 16:51:48,6708
66,85,7,2022-01-30 16:51:49,6709
66,85,7,2022-01-30 16:51:50,6710
66,85,7,2022-01-30 16:51:51,6711
66,85,7,2022-01-30 16:51:52,6712
66,85,7,2022-01-30 16:51:53,6713
66,85,7,2022-01-30 16:51:54,6714
66,85,7,2022-01-30 16:51:55,6715
66,85,7,2022-01-30 16:51:56,6716
66,85,7,2022-01-30 16:51:57,6717
66,85,7,2022-01-30 16:51:58,6718
66,85,7,2022-01-30 16:51:59,6719
66,85,7,2022-01-30 16:52:00,6720
66,85,7,2022-01-30 16:52:01,6721
66,85,7,2022-01-30 16:52:02,6722
66,85,7,2022-01-30 16:52:03,6723
66,85,7,2022-01-30 16:52:04,6724
66,85,7,2022-01-30 16:52:05,6725
66,85,7,2022-01-30 16:52:06,6726
66,85,7,2022-01-30 16:52:07,6727
66,85,7,2022-01-30 16:52:08,6728
66,85,7,2022-01-30 16:52:09,6729
66,85,7,2022-01-30 16:52:10,6730
66,85,7,2022-01-30 16:52:11,6731
66,85,7,2022-01-30 16:52:12,6732
66,85,7,2022-01-30 16:52:13,6733
66,85,7,2022-01-30 16:52:14,6734
66,85,7,2022-01-30 16:52:15,6735
66,85,7,2022-01-30 16:52:16,6736
66,85,7,2022-01-30 16:52:17,6737
66,85,7,2022-01-30 16:52:18,6738
66,85,7,2022-01-30 16:52:19,6739
66,85,7,2022-01-30 16:52:20,6740
66,85,7,2022-01-30 16:52:21,6741
66,85,7,2022-01-30 16:52:22,6742
66,85,7,2022-01-30 16:52:23,6743
66,85,7,2022-01-30 16:52:24,6744
66,85,7,2022-01-30 16:52:25,6745
66,85,7,2022-01-30 16:52:26,6746
66,85,7,2022-01-30 16:52:27,6747
66,85,7,2022-01-30 16:52:28,6748
66,85,7,2022-01-30 16:52:29,6749
66,85,7,2022-01-30 16:52:30,6750
66,85,7,2022-01-30 16:52:31,6751
66,85,7,2022-01-30 16:52:32,6752
66,85,7,2022-01-30 16:52:33,6753
66,85,7,2022-01-30 16:52:34,6754
66,85,7,2022-01-30 16:52:35,6755
66,85,7,2022-01-30 16:52:36,6756
66,85,7,2022-01-30 16:52:37,6757
66,85,7,2022-01-30 16:52:38,6758
66,85,7,2022-01-30 16:52:39,6759
66,85,7,2022-01-30 16:52:40,6760
66,85,7,2022-01-30 16:52:41,6761
66,85,7,2022-01-30 16:52:42,6762
66,85,7,2022-01-30 16:52:43,6763
66,85,7,2022-01-30 16:52:44,6764
66,85,7,2022-01-30 16:52:45,6765
66,85,7,2022-01-30 16:52:46,6766
66,85,7,2022-01-30 16:52:47,6767
66,85,7,2022-01-30 16:52:48,6768
66,85,7,2022-01-30 16:52:49,6769
66,85,7,2022-01-30 16:52:50,6770
66,85,7,2022-01-30 16:52:51,6771
66,85,7,2022-01-30 16:52:52,6772
66,85,7,2022-01-30 16:52:53,6773
66,85,7,2022-01-30 16:52:54,6774
66,85,7,2022-01-30 16:52:55,6775
66,85,7,2022-01-30 16:52:56,6776
66,85,7,2022-01-30 16:52:57,6777
66,85,7,2022-01-30 16:52:58,6778
66,85,7,2022-01-30 16:52:59,6779
66,85,7,2022-01-30 16:53:00,6780
66,85,7,2022-01-30 16:53:01,6781
66,85,7,2022-01-30 16:53:02,6782
66,85,7,2022-01-30 16:53:03,6783
66,85,7,2022-01-30 16:53:04,6784
66,85,7,2022-01-30 16:53:05,6785
66,85,7,2022-01-30 16:53:06,6786
66,85,7,2022-01-30 16:53:07,6787
66,85,7,2022-01-30 16:53:08,6788
66,85,7,2022-01-30 16:53:09,6789
66,85,7,2022-01-30 16:53:10,6790
66,85,7,2022-01-30 16:53:11,6791
66,85,7,2022-01-30 16:53:12,6792
66,85,7,2022-01-30 16:53:13,6793
66,85,7,2022-01-30 16:53:14,6794
66,85,7,2022-01-30 16:53:15,6795
66,85,7,2022-01-30 16:53:16,6796
66,85,7,2022-01-30 16:53:17,6797
66,85,7,2022-01-30 16:53:18,6798
66,85,7,2022-01-30 16:53:19,6799
66,85,7,2022-01-30 16:53:20,6800
66,85,7,2022-01-30 16:53:21,6801
66,85,7,2022-01-30 16:53:22,6802
66,85,7,2022-01-30 16:53:23,6803
66,85,7,2022-01-30 16:53:24,6804
66,85,7,2022-01-30 16:53:25,6805
66,85,7,2022-01-30 16:53:26,6806
66,85,7,2022-01-30 16:53:27,6807
66,85,7,2022-01-30 16:53:28,6808
66,85,7,2022-01-30 16:53:29,6809
66,85,7,2022-01-30 16:53:30,6810
66,85,7,2022-01-30 16:53:31,6811
66,85,7,2022-01-30 16:53:32,6812
66,85,7,2022-01-30 16:53:33,6813
66,85,7,2022-01-30 16:53:34,6814
66,85,7,2022-01-30 16:53:35,6815
66,85,7,2022-01-30 16:53:36,6816
66,85,7,2022-01-30 16:53:37,6817
66,85,7,2022-01-30 16:53:38,6818
66,85,7,2022-01-30 16:53:39,6819
66,85,7,2022-01-30 16:53:40,6820
66,85,7,2022-01-30 16:53:41,6821
66,85,7,2022-01-30 16:53:42,6822
66,85,7,2022-01-30 16:53:43,6823
66,85,7,2022-01-30 16:53:44,6824
66,85,7,2022-01-30 16:53:45,6825
66,85,7,2022-01-30 16:53:46,6826
66,85,7,2022-01-30 16:53:47,6827
66,85,7,2022-01-30 16:53:48,6828
66,85,7,2022-01-30 16:53:49,6829
66,85,7,2022-01-30 16:53:50,6830
66,85,7,2022-01-30 16:53:51,6831
66,85,7,2022-01-30 16:53:52,6832
66,85,7,2022-01-30 16:53:53,6833
66,85,7,2022-01-30 16:53:54,6834
66,85,7,2022-01-30 16:53:55,6835
66,85,7,2022-01-30 16:53:56,6836
66,85,7,2022-01-30 16:53:57,6837
66,85,7,2022-01-30 16:53:58,6838
66,85,7,2022-01-30 16:53:59,6839
66,85,7,2022-01-30 16:54:00,6840
66,85,7,2022-01-30 16:54:01,6841
66,85,7,2022-01-30 16:54:02,6842
66,85,7,2022-01-30 16:54:03,6843
66,85,7,2022-01-30 16:54:04,6844
66,85,7,2022-01-30 16:54:05,6845
66,85,7,2022-01-30 16:54:06,6846
66,85,7,2022-01-30 16:54:07,6847
66,85,7,2022-01-30 16:54:08,6848
66,85,7,2022-01-30 16:54:09,6849
66,85,7,2022-01-30 16:54:10,6850
66,85,7,2022-01-30 16:54:11,6851
66,85,7,2022-01-30 16:54:12,6852
66,85,7,2022-01-30 16:54:13,6853
66,85,7,2022-01-30 16:54:14,6854
66,85,7,2022-01-30 16:54:15,6855
66,85,7,2022-01-30 16:54:16,6856
66,85,7,2022-01-30 16:54:17,6857
66,85,7,2022-01-30 16:54:18,6858
66,85,7,2022-01-30 16:54:19,6859
66,85,7,2022-01-30 16:54:20,6860
66,85,7,2022-01-30 16:54:21,6861
66,85,7,2022-01-30 16:54:22,6862
66,85,7,2022-01-30 16:54:23,6863
66,85,7,2022-01-30 16:54:24,6864
66,85,7,2022-01-30 16:54:25,6865
66,85,7,2022-01-30 16:54:26,6866
66,85,7,2022-01-30 16:54:27,6867
66,85,7,2022-01-30 16:54:28,6868
66,85,7,2022-01-30 16:54:29,6869
66,85,7,2022-01-30 16:54:30,6870
66,85,7,2022-01-30 16:54:31,6871
66,85,7,2022-01-30 16:54:32,6872
66,85,7,2022-01-30 16:54:33,6873
66,85,7,2022-01-30 16:54:34,6874
66,85,7,2022-01-30 16:54:35,6875
66,85,7,2022-01-30 16:54:36,6876
66,85,7,2022-01-30 16:54:37,6877
66,85,7,2022-01-30 16:54:38,6878
66,85,7,2022-01-30 16:54:39,6879
66,85,7,2022-01-30 16:54:40,6880
66,85,7,2022-01-30 16:54:41,6881
66,85,7,2022-01-30 16:54:42,6882
66,85,7,2022-01-30 16:54:43,6883
66,85,7,2022-01-30 16:54:44,6884
66,85,7,2022-01-30 16:54:45,6885
66,85,7,2022-01-30 16:54:46,6886
66,85,7,2022-01-30 16:54:47,6887
66,85,7,2022-01-30 16:54:48,6888
66,85,7,2022-01-30 16:54:49,6889
66,85,7,2022-01-30 16:54:50,6890
66,85,7,2022-01-30 16:54:51,6891
66,85,7,2022-01-30 16:54:52,6892
66,85,7,2022-01-30 16:54:53,6893
66,85,7,2022-01-30 16:54:54,6894
66,85,7,2022-01-30 16:54:55,6895
66,85,7,2022-01-30 16:54:56,6896
66,85,7,2022-01-30 16:54:57,6897
66,85,7,2022-01-30 16:54:58,6898
66,85,7,2022-01-30 16:54:59,6899
66,85,7,2022-01-30 16:55:00,6900
66,85,7,2022-01-30 16:55:01,6901
66,85,7,2022-01-30 16:55:02,6902
66,85,7,2022-01-30 16:55:03,6903
66,85,7,2022-01-30 16:55:04,6904
66,85,7,2022-01-30 16:55:05,6905
66,85,7,2022-01-30 16:55:06,6906
66,85,7,2022-01-30 16:55:07,6907
66,85,7,2022-01-30 16:55:08,6908
66,85,7,2022-01-30 16:55:09,6909
66,85,7,2022-01-30 16:55:10,6910
66,85,7,2022-01-30 16:55:11,6911
66,85,7,2022-01-30 16:55:12,6912
66,85,7,2022-01-30 16:55:13,6913
66,85,7,2022-01-30 16:55:14,6914
66,85,7,2022-01-30 16:55:15,6915
66,85,7,2022-01-30 16:55:16,6916
66,85,7,2022-01-30 16:55:17,6917
66,85,7,2022-01-30 16:55:18,6918
66,85,7,2022-01-30 16:55:19,6919
66,85,7,2022-01-30 16:55:20,6920
66,85,7,2022-01-30 16:55:21,6921
66,85,7,2022-01-30 16:55:22,6922
66,85,7,2022-01-30 16:55:23,6923
66,85,7,2022-01-30 16:55:24,6924
66,85,7,2022-01-30 16:55:25,6925
66,85,7,2022-01-30 16:55:26,6926
66,86,7,2022-01-30 16:55:27,6927
66,83,7,2022-01-30 16:55:28,6928
66,80,7,2022-01-30 16:55:29,6929
66,77,7,2022-01-30 16:55:30,6930
66,74,7,2022-01-30 16:55:31,6931
66,71,7,2022-01-30 16:55:32,6932
66,68,7,2022-01-30 16:55:33,6933
66,65,7,2022-01-30 16:55:34,6934
66,62,7,2022-01-30 16:55:35,6935
66,59,7,2022-01-30 16:55:36,6936
66,56,7,2022-01-30 16:55:37,6937
66,53,7,2022-01-30 16:55:38,6938
66,50,7,2022-01-30 16:55:39,6939
66,47,7,2022-01-30 16:55:40,6940
66,44,7,2022-01-30 16:55:41,6941
66,41,7,2022-01-30 16:55:42,6942
66,38,7,2022-01-30 16:55:43,6943
66,35,7,2022-01-30 16:55:44,6944
66,32,7,2022-01-30 16:55:45,6945
66,29,7,2022-01-30 16:55:46,6946
66,26,7,2022-01-30 16:55:47,6947
66,23,7,2022-01-30 16:55:48,6948
66,20,7,2022-01-30 16:55:49,6949
66,17,7,2022-01-30 16:55:50,6950
66,14,7,2022-01-30 16:55:51,6951
66,11,7,2022-01-30 16:55:52,6952
66,11,7,2022-01-30 16:55:53,6953
66,11,7,2022-01-30 16:55:54,6954
66,11,7,2022-01-30 16:55:55,6955
66,11,7,2022-01-30 16:55:56,6956
66,11,7,2022-01-30 16:55:57,6957
66,11,7,2022-01-30 16:55:58,6958
66,11,7,2022-01-30 16:55:59,6959
66,11,7,2022-01-30 16:56:00,6960
66,11,7,2022-01-30 16:56:01,6961
66,11,7,2022-01-30 16:56:02,6962
66,11,7,2022-01-30 16:56:03,6963
66,11,7,2022-01-30 16:56:04,6964
66,11,7,2022-01-30 16:56:05,6965
66,11,7,2022-01-30 16:56:06,6966
66,11,7,2022-01-30 16:56:07,6967
66,11,7,2022-01-30 16:56:08,6968
66,11,7,2022-01-30 16:56:09,6969
66,11,7,2022-01-30 16:56:10,6970
66,11,7,2022-01-30 16:56:11,6971
66,11,7,2022-01-30 16:56:12,6972
66,11,7,2022-01-30 16:56:13,6973
66,11,7,2022-01-30 16:56:14,6974
66,11,7,2022-01-30 16:56:15,6975
66,11,7,2022-01-30 16:56:16,6976
66,11,7,2022-01-30 16:56:17,6977
66,11,7,2022-01-30 16:56:18,6978
66,11,7,2022-01-30 16:56:19,6979
66,11,7,2022-01-30 16:56:20,6980
66,11,7,2022-01-30 16:56:21,6981
66,11,7,2022-01-30 16:56:22,6982
66,11,7,2022-01-30 16:56:23,6983
66,11,7,2022-01-30 16:56:24,6984
66,11,7,2022-01-30 16:56:25,6985
66,11,7,2022-01-30 16:56:26,6986
66,11,7,2022-01-30 16:56:27,6987
66,11,7,2022-01-30 16:56:28,6988
66,11,7,2022-01-30 16:56:29,6989
66,11,7,2022-01-30 16:56:30,6990
66,11,7,2022-01-30 16:56:31,6991
66,11,7,2022-01-30 16:56:32,6992
66,11,7,2022-01-30 16:56:33,6993
66,11,7,2022-01-30 16:56:34,6994
66,11,7,2022-01-30 16:56:35,6995
66,11,7,2022-01-30 16:56:36,6996
66,11,7,2022-01-30 16:56:37,6997
66,11,7,2022-01-30 16:56:38,6998
66,11,7,2022-01-30 16:56:39,6999
66,11,7,2022-01-30 16:56:40,7000
66,11,7,2022-01-30 16:56:41,7001
66,11,7,2022-01-30 16:56:42,7002
66,11,7,2022-01-30 16:56:43,7003
66,11,7,2022-01-30 16:56:44,7004
66,11,7,2022-01-30 16:56:45,7005
66,11,7,2022-01-30 16:56:46,7006
66,11,7,2022-01-30 16:56:47,7007
66,11,7,2022-01-30 16:56:48,7008
66,11,7,2022-01-30 16:56:49,7009
66,11,7,2022-01-30 16:56:50,7010
66,11,7,2022-01-30 16:56:51,7011
66,11,7,2022-01-30 16:56:52,7012
66,11,7,2022-01-30 16:56:53,7013
66,11,7,2022-01-30 16:56:54,7014
66,11,7,2022-01-30 16:56:55,7015
66,11,7,2022-01-30 16:56:56,7016
66,11,7,2022-01-30 16:56:57,7017
66,11,7,2022-01-30 16:56:58,7018
66,11,7,2022-01-30 16:56:59,7019
66,11,7,2022-01-30 16:57:00,7020
66,11,7,2022-01-30 16:57:01,7021
66,11,7,2022-01-30 16:57:02,7022
66,11,7,2022-01-30 16:57:03,7023
66,11,7,2022-01-30 16:57:04,7024
66,11,7,2022-01-30 16:57:05,7025
66,11,7,2022-01-30 16:57:06,7026
66,11,7,2022-01-30 16:57:07,7027
66,11,7,2022-01-30 16:57:08,7028
66,11,7,2022-01-30 16:57:09,7029
66,11,7,2022-01-30 16:57:10,7030
66,11,7,2022-01-30 16:57:11,7031
66,11,7,2022-01-30 16:57:12,7032
66,11,7,2022-01-30 16:57:13,7033
66,11,7,2022-01-30 16:57:14,7034
66,11,7,2022-01-30 16:57:15,7035
66,11,7,2022-01-30 16:57:16,7036
66,11,7,2022-01-30 16:57:17,7037
66,11,7,2022-01-30 16:57:18,7038
66,11,7,2022-01-30 16:57:19,7039
66,11,7,2022-01-30 16:57:20,7040
66,11,7,2022-01-30 16:57:21,7041
66,11,7,2022-01-30 16:57:22,7042
66,11,7,2022-01-30 16:57:23,7043
66,11,7,2022-01-30 16:57:24,7044
66,11,7,2022-01-30 16:57:25,7045
66,11,7,2022-01-30 16:57:26,7046
66,11,7,2022-01-30 16:57:27,7047
66,11,7,2022-01-30 16:57:28,7048
66,11,7,2022-01-30 16:57:29,7049
66,11,7,2022-01-30 16:57:30,7050
66,11,7,2022-01-30 16:57:31,7051
66,11,7,2022-01-30 16:57:32,7052
66,11,7,2022-01-30 16:57:33,7053
66,11,7,2022-01-30 16:57:34,7054
66,11,7,2022-01-30 16:57:35,7055
66,11,7,2022-01-30 16:57:36,7056
66,11,7,2022-01-30 16:57:37,7057
66,11,7,2022-01-30 16:57:38,7058
66,11,7,2022-01-30 16:57:39,7059
66,11,7,2022-01-30 16:57:40,7060
66,11,7,2022-01-30 16:57:41,7061
66,11,7,2022-01-30 16:57:42,7062
66,11,7,2022-01-30 16:57:43,7063
66,11,7,2022-01-30 16:57:44,7064
66,11,7,2022-01-30 16:57:45,7065
66,11,7,2022-01-30 16:57:46,7066
66,11,7,2022-01-30 16:57:47,7067
66,11,7,2022-01-30 16:57:48,7068
66,11,7,2022-01-30 16:57:49,7069
66,11,7,2022-01-30 16:57:50,7070
66,11,7,2022-01-30 16:57:51,7071
66,11,7,2022-01-30 16:57:52,7072
66,11,7,2022-01-30 16:57:53,7073
66,11,7,2022-01-30 16:57:54,7074
66,11,7,2022-01-30 16:57:55,7075
66,11,7,2022-01-30 16:57:56,7076
66,11,7,2022-01-30 16:57:57,7077
66,11,7,2022-01-30 16:57:58,7078
66,11,7,2022-01-30 16:57:59,7079
66,11,7,2022-01-30 16:58:00,7080
66,11,7,2022-01-30 16:58:01,7081
66,11,7,2022-01-30 16:58:02,7082
66,11,7,2022-01-30 16:58:03,7083
66,11,7,2022-01-30 16:58:04,7084
66,11,7,2022-01-30 16:58:05,7085
66,11,7,2022-01-30 16:58:06,7086
66,11,7,2022-01-30 16:58:07,7087
66,11,7,2022-01-30 16:58:08,7088
66,11,7,2022-01-30 16:58:09,7089
66,11,7,2022-01-30 16:58:10,7090
66,11,7,2022-01-30 16:58:11,7091
66,11,7,2022-01-30 16:58:12,7092
66,11,7,2022-01-30 16:58:13,7093
66,11,7,2022-01-30 16:58:14,7094
66,11,7,2022-01-30 16:58:15,7095
66,11,7,2022-01-30 16:58:16,7096
66,11,7,2022-01-30 16:58:17,7097
66,11,7,2022-01-30 16:58:18,7098
66,11,7,2022-01-30 16:58:19,7099
66,11,7,2022-01-30 16:58:20,7100
66,11,7,2022-01-30 16:58:21,7101
66,11,7,2022-01-30 16:58:22,7102
66,11,7,2022-01-30 16:58:23,7103
66,11,7,2022-01-30 16:58:24,7104
66,11,7,2022-01-30 16:58:25,7105
66,11,7,2022-01-30 16:58:26,7106
66,11,7,2022-01-30 16:58:27,7107
66,11,7,2022-01-30 16:58:28,7108
66,11,7,2022-01-30 16:58:29,7109
66,11,7,2022-01-30 16:58:30,7110
66,11,7,2022-01-30 16:58:31,7111
66,11,7,2022-01-30 16:58:32,7112
66,11,7,2022-01-30 16:58:33,7113
66,11,7,2022-01-30 16:58:34,7114
66,11,7,2022-01-30 16:58:35,7115
66,11,7,2022-01-30 16:58:36,7116
66,11,7,2022-01-30 16:58:37,7117
66,11,7,2022-01-30 16:58:38,7118
66,11,7,2022-01-30 16:58:39,7119
66,11,7,2022-01-30 16:58:40,7120
66,11,7,2022-01-30 16:58:41,7121
66,11,7,2022-01-30 16:58:42,7122
66,11,7,2022-01-30 16:58:43,7123
66,11,7,2022-01-30 16:58:44,7124
66,11,7,2022-01-30 16:58:45,7125
66,11,7,2022-01-30 16:58:46,7126
66,11,7,2022-01-30 16:58:47,7127
66,11,7,2022-01-30 16:58:48,7128
66,11,7,2022-01-30 16:58:49,7129
66,11,7,2022-01-30 16:58:50,7130
66,11,7,2022-01-30 16:58:51,7131
66,11,7,2022-01-30 16:58:52,7132
66,9,7,2022-01-30 16:58:53,7133
66,12,10,2022-01-30 16:58:54,7134
66,15,13,2022-01-30 16:58:55,7135
66,18,16,2022-01-30 16:58:56,7136
66,20,19,2022-01-30 16:58:57,7137
66,20,22,2022-01-30 16:58:58,7138
66,20,25,2022-01-30 16:58:59,7139
66,20,28,2022-01-30 16:59:00,7140
66,20,31,2022-01-30 16:59:01,7141
66,20,34,2022-01-30 16:59:02,7142
66,20,37,2022-01-30 16:59:03,7143
66,20,40,2022-01-30 16:59:04,7144
66,20,43,2022-01-30 16:59:05,7145
66,20,46,2022-01-30 16:59:06,7146
66,20,49,2022-01-30 16:59:07,7147
66,20,52,2022-01-30 16:59:08,7148
66,20,52,2022-01-30 16:59:09,7149
66,20,52,2022-01-30 16:59:10,7150
66,20,52,2022-01-30 16:59:11,7151
66,20,52,2022-01-30 16:59:12,7152
66,20,52,2022-01-30 16:59:13,7153
66,20,52,2022-01-30 16:59:14,7154
66,20,52,2022-01-30 16:59:15,7155
66,20,52,2022-01-30 16:59:16,7156
66,20,52,2022-01-30 16:59:17,7157
66,20,52,2022-01-30 16:59:18,7158
66,20,52,2022-01-30 16:59:19,7159
66,20,52,2022-01-30 16:59:20,7160
66,20,52,2022-01-30 16:59:21,7161
66,20,52,2022-01-30 16:59:22,7162
66,20,52,2022-01-30 16:59:23,7163
66,20,52,2022-01-30 16:59:24,7164
66,20,52,2022-01-30 16:59:25,7165
66,20,52,2022-01-30 16:59:26,7166
66,20,52,2022-01-30 16:59:27,7167
66,20,52,2022-01-30 16:59:28,7168
66,20,52,2022-01-30 16:59:29,7169
66,20,52,2022-01-30 16:59:30,7170
66,20,52,2022-01-30 16:59:31,7171
66,20,52,2022-01-30 16:59:32,7172
66,20,52,2022-01-30 16:59:33,7173
66,20,52,2022-01-30 16:59:34,7174
66,20,52,2022-01-30 16:59:35,7175
66,20,52,2022-01-30 16:59:36,7176
66,20,52,2022-01-30 16:59:37,7177
66,20,52,2022-01-30 16:59:38,7178
66,20,52,2022-01-30 16:59:39,7179
66,20,52,2022-01-30 16:59:40,7180
66,20,52,2022-01-30 16:59:41,7181
66,20,52,2022-01-30 16:59:42,7182
66,20,52,2022-01-30 16:59:43,7183
66,20,52,2022-01-30 16:59:44,7184
66,20,52,2022-01-30 16:59:45,7185
66,20,52,2022-01-30 16:59:46,7186
66,20,52,2022-01-30 16:59:47,7187
66,20,52,2022-01-30 16:59:48,7188
66,20,52,2022-01-30 16:59:49,7189
66,20,52,2022-01-30 16:59:50,7190
66,20,52,2022-01-30 16:59:51,7191
66,20,52,2022-01-30 16:59:52,7192
66,20,52,2022-01-30 16:59:53,7193
66,20,52,2022-01-30 16:59:54,7194
66,20,52,2022-01-30 16:59:55,7195
66,20,52,2022-01-30 16:59:56,7196
66,20,52,2022-01-30 16:59:57,7197
66,20,52,2022-01-30 16:59:58,7198
66,20,52,2022-01-30 16:59:59,7199
66,20,52,2022-01-30 17:00:00,7200
66,20,52,2022-01-30 17:00:01,7201
66,20,52,2022-01-30 17:00:02,7202
66,20,52,2022-01-30 17:00:03,7203
66,20,52,2022-01-30 17:00:04,7204
66,20,52,2022-01-30 17:00:05,7205
66,20,52,2022-01-30 17:00:06,7206
66,20,52,2022-01-30 17:00:07,7207
66,20,52,2022-01-30 17:00:08,7208
66,20,52,2022-01-30 17:00:09,7209
66,20,52,2022-01-30 17:00:10,7210
66,20,52,2022-01-30 17:00:11,7211
66,20,52,2022-01-30 17:00:12,7212
66,20,52,2022-01-30 17:00:13,7213
66,20,52,2022-01-30 17:00:14,7214
66,20,52,2022-01-30 17:00:15,7215
66,20,52,2022-01-30 17:00:16,7216
66,20,52,2022-01-30 17:00:17,7217
66,20,52,2022-01-30 17:00:18,7218
66,20,52,2022-01-30 17:00:19,7219
66,20,52,2022-01-30 17:00:20,7220
66,20,52,2022-01-30 17:00:21,7221
66,20,52,2022-01-30 17:00:22,7222
66,20,52,2022-01-30 17:00:23,7223
66,20,52,2022-01-30 17:00:24,7224
66,20,52,2022-01-30 17:00:25,7225
66,20,52,2022-01-30 17:00:26,7226
66,20,52,2022-01-30 17:00:27,7227
66,20,52,2022-01-30 17:00:28,7228
66,20,52,2022-01-30 17:00:29,7229
66,20,52,2022-01-30 17:00:30,7230
66,20,52,2022-01-30 17:00:31,7231
66,20,52,2022-01-30 17:00:32,7232
66,20,52,2022-01-30 17:00:33,7233
66,20,52,2022-01-30 17:00:34,7234
66,20,52,2022-01-30 17:00:35,7235
66,20,52,2022-01-30 17:00:36,7236
66,20,52,2022-01-30 17:00:37,7237
66,20,52,2022-01-30 17:00:38,7238
66,20,52,2022-01-30 17:00:39,7239
66,20,52,2022-01-30 17:00:40,7240
66,20,52,2022-01-30 17:00:41,7241
66,20,52,2022-01-30 17:00:42,7242
66,20,52,2022-01-30 17:00:43,7243
66,20,52,2022-01-30 17:00:44,7244
66,20,52,2022-01-30 17:00:45,7245
66,20,52,2022-01-30 17:00:46,7246
66,20,52,2022-01-30 17:00:47,7247
66,20,52,2022-01-30 17:00:48,7248
66,20,52,2022-01-30 17:00:49,7249
66,20,52,2022-01-30 17:00:50,7250
66,20,52,2022-01-30 17:00:51,7251
66,20,52,2022-01-30 17:00:52,7252
66,20,52,2022-01-30 17:00:53,7253
66,20,52,2022-01-30 17:00:54,7254
66,20,52,2022-01-30 17:00:55,7255
66,20,52,2022-01-30 17:00:56,7256
66,20,52,2022-01-30 17:00:57,7257
66,20,52,2022-01-30 17:00:58,7258
66,20,52,2022-01-30 17:00:59,7259
66,20,52,2022-01-30 17:01:00,7260
66,20,52,2022-01-30 17:01:01,7261
66,20,52,2022-01-30 17:01:02,7262
66,20,52,2022-01-30 17:01:03,7263
66,20,52,2022-01-30 17:01:04,7264
66,20,52,2022-01-30 17:01:05,7265
66,20,52,2022-01-30 17:01:06,7266
66,20,52,2022-01-30 17:01:07,7267
66,20,52,2022-01-30 17:01:08,7268
66,20,52,2022-01-30 17:01:09,7269
66,17,51,2022-01-30 17:01:10,7270
66,14,51,2022-01-30 17:01:11,7271
66,11,51,2022-01-30 17:01:12,7272
66,8,51,2022-01-30 17:01:13,7273
66,5,51,2022-01-30 17:01:14,7274
66,2,51,2022-01-30 17:01:15,7275
